File,Source,License,Modfications
ug-flag-abkhazia.svg,,,
ug-flag-afghanistan.png,https://commons.wikimedia.org/wiki/File:Flag_of_Afghanistan.svg,PD,
ug-flag-aland_islands.svg,,,
ug-flag-albania.svg,,,
ug-flag-algeria.svg,,,
ug-flag-american_samoa.svg,https://commons.wikimedia.org/wiki/File:Flag_of_American_Samoa.svg,PD,optimised with svgo
ug-flag-andorra.png,,,
ug-flag-angola.svg,,,
ug-flag-anguilla.svg,,,
ug-flag-antigua_and_barbuda.svg,,,
ug-flag-argentina.svg,,,
ug-flag-armenia.svg,,,
ug-flag-artsakh.svg,,,
ug-flag-aruba.svg,,,
ug-flag-australia.svg,,,
ug-flag-austria.svg,,,
ug-flag-azerbaijan.svg,,,
ug-flag-azores.svg,,,
ug-flag-bahrain.svg,,,
ug-flag-bali.png,,,
ug-flag-bangladesh.svg,,,
ug-flag-barbados.svg,,,
ug-flag-belarus.svg,,,
ug-flag-belgium.svg,,,
ug-flag-belize.png,,,
ug-flag-benin.svg,,,
ug-flag-bermuda.svg,,,
ug-flag-bhutan.svg,,,
ug-flag-bolivia.png,,,
ug-flag-bonaire.svg,,,
ug-flag-bosnia_and_herzegovina.svg,,,
ug-flag-botswana.svg,,,
ug-flag-brazil.svg,,,
ug-flag-british_indian_ocean_territory.svg,,,
ug-flag-british_virgin_islands.svg,,,
ug-flag-brunei.svg,,,
ug-flag-bulgaria.svg,,,
ug-flag-burkina_faso.svg,,,
ug-flag-burundi.svg,,,
ug-flag-cambodia.svg,,,
ug-flag-cameroon.svg,,,
ug-flag-canada.svg,,,
ug-flag-canary_islands.svg,,,
ug-flag-cape_verde.svg,,,
ug-flag-cayman_islands.svg,,,
ug-flag-central_african_republic.svg,,,
ug-flag-ceuta.png,,,
ug-flag-chad.svg,,,
ug-flag-chile.svg,,,
ug-flag-china.svg,,,
ug-flag-christmas_island.svg,,,
ug-flag-cocos_islands.svg,,,
ug-flag-colombia.svg,,,
ug-flag-comoros.svg,,,
ug-flag-cook_islands.svg,,,
ug-flag-corsica.svg,,,
ug-flag-costa_rica.svg,,,
ug-flag-croatia.png,,,
ug-flag-cuba.svg,,,
ug-flag-curacao.svg,,,
ug-flag-cyprus.svg,,,
ug-flag-czech_republic.svg,,,
ug-flag-democratic_republic_of_the_congo.svg,,,
ug-flag-denmark.svg,,,
ug-flag-djibouti.svg,,,
ug-flag-dominica.svg,,,
ug-flag-dominican_republic.png,,,
ug-flag-east_timor.svg,,,
ug-flag-easter_island.svg,,,
ug-flag-ecuador.png,,,
ug-flag-egypt.svg,,,
ug-flag-el_salvador.png,,,
ug-flag-england.svg,,,
ug-flag-equatorial_guinea.svg,,,
ug-flag-eritrea.svg,,,
ug-flag-estonia.svg,,,
ug-flag-eswatini.svg,,,
ug-flag-ethiopia.svg,,,
ug-flag-european_union.svg,,,
ug-flag-falkland_islands.svg,,,
ug-flag-faroe_islands.svg,,,
ug-flag-federated_states_of_micronesia.svg,,,
ug-flag-fiji.svg,https://commons.wikimedia.org/wiki/File:Flag_of_Fiji.svg,PD,optimised with svgo
ug-flag-finland.svg,,,
ug-flag-france.svg,,,
ug-flag-french_polynesia.svg,,,
ug-flag-gabon.svg,,,
ug-flag-galapagos_islands.svg,,,
ug-flag-georgia.svg,,,
ug-flag-germany.svg,,,
ug-flag-ghana.svg,,,
ug-flag-gibraltar.svg,,,
ug-flag-greece.svg,,,
ug-flag-greenland.svg,,,
ug-flag-grenada.svg,,,
ug-flag-guam.svg,,,
ug-flag-guatemala.png,,,
ug-flag-guernsey.svg,,,
ug-flag-guinea-bissau.svg,,,
ug-flag-guinea.svg,,,
ug-flag-guyana.svg,,,
ug-flag-haiti.svg,,,
ug-flag-honduras.svg,,,
ug-flag-hong_kong.svg,,,
ug-flag-hungary.svg,,,
ug-flag-iceland.svg,,,
ug-flag-india.svg,,,
ug-flag-indonesia.svg,,,
ug-flag-iran.svg,,,
ug-flag-iraq.svg,,,
ug-flag-ireland.svg,,,
ug-flag-isle_of_man.svg,,,
ug-flag-israel.svg,,,
ug-flag-italy.svg,,,
ug-flag-ivory_coast.svg,,,
ug-flag-jamaica.svg,,,
ug-flag-japan.svg,,,
ug-flag-jersey.svg,,,
ug-flag-jordan.svg,,,
ug-flag-kaliningrad_oblast.svg,,,
ug-flag-kazakhstan.svg,,,
ug-flag-kenya.svg,,,
ug-flag-kiribati.svg,,,
ug-flag-kosovo.svg,,,
ug-flag-kuwait.svg,,,
ug-flag-kyrgyzstan.svg,,,
ug-flag-laos.svg,,,
ug-flag-latvia.svg,,,
ug-flag-lebanon.svg,,,
ug-flag-lesotho.svg,,,
ug-flag-liberia.svg,,,
ug-flag-libya.svg,,,
ug-flag-liechtenstein.svg,,,
ug-flag-lithuania.svg,,,
ug-flag-luxembourg.svg,,,
ug-flag-macau.svg,,,
ug-flag-madagascar.svg,,,
ug-flag-madeira.svg,,,
ug-flag-malawi.svg,,,
ug-flag-malaysia.svg,,,
ug-flag-maldives.svg,,,
ug-flag-mali.svg,,,
ug-flag-malta.svg,,,
ug-flag-marshall_islands.svg,,,
ug-flag-mauritania.svg,https://commons.wikimedia.org/wiki/File:Flag_of_Mauritania.svg,PD,
ug-flag-mauritius.svg,,,
ug-flag-melilla.png,,,
ug-flag-mexico.png,,,
ug-flag-moldova.svg,,,
ug-flag-monaco.svg,,,
ug-flag-mongolia.svg,,,
ug-flag-montenegro.png,,,
ug-flag-montserrat.svg,,,
ug-flag-morocco.svg,,,
ug-flag-mount_athos.png,,,
ug-flag-mozambique.svg,,,
ug-flag-myanmar.svg,,,
ug-flag-namibia.svg,,,
ug-flag-nauru.svg,,,
ug-flag-nepal.svg,,,
ug-flag-netherlands.svg,,,
ug-flag-new_caledonia.svg,,,
ug-flag-new_zealand.svg,,,
ug-flag-nicaragua.svg,,,
ug-flag-niger.svg,,,
ug-flag-nigeria.svg,,,
ug-flag-niue.svg,,,
ug-flag-norfolk_island.svg,,,
ug-flag-north_korea.svg,,,
ug-flag-north_macedonia.svg,,,
ug-flag-northern_cyprus.svg,https://commons.wikimedia.org/wiki/File:Flag_of_the_Turkish_Republic_of_Northern_Cyprus.svg,CC BY-SA 2.5,
ug-flag-northern_mariana_islands.svg,,,
ug-flag-norway.svg,,,
ug-flag-oman.svg,,,
ug-flag-pakistan.svg,,,
ug-flag-palau.svg,,,
ug-flag-palestine.svg,,,
ug-flag-panama.svg,,,
ug-flag-papua_new_guinea.svg,,,
ug-flag-paraguay.svg,,,
ug-flag-peru.svg,,,
ug-flag-philippines.svg,,,
ug-flag-pitcairn_islands.svg,,,
ug-flag-poland.svg,,,
ug-flag-portugal.svg,,,
ug-flag-puerto_rico.svg,,,
ug-flag-qatar.svg,,,
ug-flag-republic_of_the_congo.svg,,,
ug-flag-romania.svg,,,
ug-flag-russia.svg,,,
ug-flag-rwanda.svg,,,
ug-flag-saba.svg,,,
ug-flag-sahrawi_republic.svg,,,
ug-flag-saint_helena.png,,,
ug-flag-saint_kitts_and_nevis.svg,,,
ug-flag-saint_lucia.svg,,,
ug-flag-saint_vincent_and_the_grenadines.svg,,,
ug-flag-samoa.svg,,,
ug-flag-san_marino.png,,,
ug-flag-sao_tome_and_principe.svg,,,
ug-flag-sardinia.svg,,,
ug-flag-saudi_arabia.svg,,,
ug-flag-scotland.svg,,,
ug-flag-senegal.svg,,,
ug-flag-serbia.png,,,
ug-flag-seychelles.svg,,,
ug-flag-sicily.svg,,,
ug-flag-sierra_leone.svg,,,
ug-flag-singapore.svg,,,
ug-flag-sint_eustatius.svg,,,
ug-flag-sint_maarten.svg,,,
ug-flag-slovakia.svg,,,
ug-flag-slovenia.svg,,,
ug-flag-solomon_islands.svg,,,
ug-flag-somalia.svg,,,
ug-flag-somaliland.svg,,,
ug-flag-south_africa.svg,,,
ug-flag-south_korea.svg,,,
ug-flag-south_ossetia.svg,,,
ug-flag-south_sudan.svg,,,
ug-flag-spain.svg,https://commons.wikimedia.org/wiki/File:Flag_of_Spain.svg,PD,optimised with svgo
ug-flag-sri_lanka.svg,,,
ug-flag-sudan.svg,,,
ug-flag-suriname.svg,,,
ug-flag-sweden.svg,,,
ug-flag-switzerland.svg,,,
ug-flag-syria.svg,,,
ug-flag-taiwan.svg,,,
ug-flag-tajikistan.svg,,,
ug-flag-tanzania.svg,,,
ug-flag-thailand.svg,,,
ug-flag-the_bahamas.svg,,,
ug-flag-the_gambia.svg,,,
ug-flag-togo.svg,,,
ug-flag-tokelau.svg,,,
ug-flag-tonga.svg,,,
ug-flag-transnistria.svg,,,
ug-flag-trinidad_and_tobago.svg,,,
ug-flag-tunisia.svg,,,
ug-flag-turkey.svg,,,
ug-flag-turkmenistan.svg,,,
ug-flag-turks_and_caicos_islands.svg,,,
ug-flag-tuvalu.svg,,,
ug-flag-uganda.svg,,,
ug-flag-ukraine.svg,,,
ug-flag-united_arab_emirates.svg,,,
ug-flag-united_kingdom.svg,,,
ug-flag-united_states_of_america.svg,,,
ug-flag-united_states_virgin_islands.svg,,,
ug-flag-uruguay.svg,,,
ug-flag-uzbekistan.svg,,,
ug-flag-vanuatu.svg,,,
ug-flag-vatican_city.svg,,,
ug-flag-venezuela.svg,,,
ug-flag-vietnam.svg,,,
ug-flag-wales.svg,,,
ug-flag-yemen.svg,,,
ug-flag-zambia.svg,,,
ug-flag-zanzibar.svg,,,
ug-flag-zimbabwe.svg,,,
ug-map-abkhazia.png,,,
ug-map-adriatic_sea.jpg,?,,
ug-map-aegean_sea.jpg,?,,
ug-map-afghanistan.png,,,
ug-map-africa.png,https://commons.wikimedia.org/wiki/File:Africa_in_the_world_(red)_(W3).svg,CC BY-SA 3.0,
ug-map-aland_islands.png,,,
ug-map-albania.png,,,
ug-map-algeria.png,,,
ug-map-american_samoa.png,,,
ug-map-andorra.png,,,
ug-map-angola.png,,,
ug-map-anguilla.png,,,
ug-map-antarctica.png,https://commons.wikimedia.org/wiki/File:Antarctica_in_the_world_(red)_(W3).svg,CC BY-SA 3.0,
ug-map-antigua_and_barbuda.png,,,
ug-map-arabian_sea.jpg,?,,
ug-map-aral_sea.jpg,?,,
ug-map-arctic_ocean.png,https://commons.wikimedia.org/wiki/File:Arctic_Ocean.png,PD,
ug-map-argentina.png,,,
ug-map-armenia.png,,,
ug-map-artsakh.png,,,
ug-map-aruba.png,,,
ug-map-asia.png,https://commons.wikimedia.org/wiki/File:Asia_in_the_world_(red)_(W3).svg,CC BY-SA 3.0,
ug-map-atlantic_ocean.png,https://commons.wikimedia.org/wiki/File:Atlantic_Ocean.png,PD,
ug-map-australia.png,,,
ug-map-austria.png,,,
ug-map-azerbaijan.png,,,
ug-map-azores.png,https://commons.wikimedia.org/wiki/File:Locator_map_of_Azores_in_EU.svg,CC BY-SA 3.0,"cropped, converted to PNG, reduced number of colours, optimised with optipng"
ug-map-bahrain.png,,,
ug-map-bali.png,,,
ug-map-balkan_peninsula.png,https://commons.wikimedia.org/wiki/File:Balkan_Peninsula.svg,CC BY-SA 3.0,cropped to remove label
ug-map-baltic_sea.png,?,,
ug-map-bangladesh.png,,,
ug-map-barbados.png,"https://commons.wikimedia.org/wiki/File:Barbados_in_its_region.svg",CC BY-SA 3.0,"zoom box added"
ug-map-bay_of_bengal.jpg,?,,
ug-map-bay_of_biscay.jpg,https://commons.wikimedia.org/wiki/File:Bay_of_Biscay_map.png,CC BY-SA 3.0,"cropped, labels removed, question mark added"
ug-map-belarus.png,,,
ug-map-belgium.png,,,
ug-map-belize.png,,,
ug-map-benin.png,,,
ug-map-bering_strait.jpg,https://commons.wikimedia.org/wiki/File:East_Siberian_Sea_map.png,CC BY-SA 3.0,"cropped, labels removed, question mark added"
ug-map-bermuda.png,,,
ug-map-bhutan.png,,,
ug-map-black_sea.jpg,?,,
ug-map-bolivia.png,,,
ug-map-bonaire.png,,,
ug-map-bosnia_and_herzegovina.png,,,
ug-map-botswana.png,,,
ug-map-brazil.png,,,
ug-map-british_indian_ocean_territory.png,,,
ug-map-british_virgin_islands.png,,,
ug-map-brunei.png,,,
ug-map-bulgaria.png,,,
ug-map-burkina_faso.png,,,
ug-map-burundi.png,,,
ug-map-cambodia.png,,,
ug-map-cameroon.png,,,
ug-map-canada.png,,,
ug-map-canary_islands.png,,,
ug-map-cape_verde.png,,,
ug-map-caribbean_sea.jpg,?,,
ug-map-caspian_sea.jpg,?,,
ug-map-cayman_islands.png,,,
ug-map-celtic_sea.png,https://commons.wikimedia.org/wiki/File:Mappa_an_Mor_Keltek.png,PD,"resized, reduced number of colours, optimised with optipng"
ug-map-central_african_republic.png,,,
ug-map-ceuta.png,https://commons.wikimedia.org/wiki/File:Localizaci%C3%B3n_de_Ceuta.svg,CC BY-SA 3.0,"converted to PNG, reduced number of colours, optimised with optipng"
ug-map-chad.png,,,
ug-map-chile.png,,,
ug-map-china.png,,,
ug-map-christmas_island.png,,,
ug-map-cocos_islands.png,,,
ug-map-colombia.png,,,
ug-map-comoros.png,,,
ug-map-cook_islands.png,,,
ug-map-coral_sea.jpg,?,,
ug-map-corsica.jpg,?,,
ug-map-costa_rica.png,,,
ug-map-croatia.png,,,
ug-map-cuba.png,,,
ug-map-curacao.png,,,
ug-map-cyprus.png,,,
ug-map-czech_republic.png,,,
ug-map-dead_sea.png,https://commons.wikimedia.org/wiki/File:Dead_Sea_in_its_region_(-mini_map_-rivers)_(zoom_%2B_special_marker).svg,CC BY-SA 3.0,"500px version downloaded, optimised with optipng"
ug-map-democratic_republic_of_the_congo.png,,,
ug-map-denmark.png,,,
ug-map-denmark_strait.png,https://commons.wikimedia.org/wiki/File:Denemarkenstraat.PNG,PD,"resized, reduced number of colours, optimised with optipng"
ug-map-djibouti.png,,,
ug-map-dominica.png,"https://commons.wikimedia.org/wiki/File:Dominica_in_its_region.svg",CC BY-SA 3.0,"zoom box added"
ug-map-dominican_republic.png,,,
ug-map-east_siberian_sea.jpg,https://commons.wikimedia.org/wiki/File:East_Siberian_Sea_map.png,CC BY-SA 3.0,"cropped, labels removed, question mark added"
ug-map-east_timor.png,,,
ug-map-easter_island.png,,,
ug-map-ecuador.png,,,
ug-map-egypt.png,,,
ug-map-el_salvador.png,,,
ug-map-england.png,https://commons.wikimedia.org/wiki/File:England_in_Europe.svg,CC BY-SA 4.0,
ug-map-english_channel.jpg,https://commons.wikimedia.org/wiki/File:Bay_of_Biscay_map.png,CC BY-SA 3.0,"cropped, labels removed, question mark added"
ug-map-equatorial_guinea.png,,,
ug-map-eritrea.png,,,
ug-map-estonia.png,,,
ug-map-eswatini.png,,,
ug-map-ethiopia.png,,,
ug-map-europe.png,https://commons.wikimedia.org/wiki/File:Europe_in_the_world_(red)_(W3).svg,CC BY-SA 3.0,
ug-map-european_union.png,,,
ug-map-falkland_islands.png,,,
ug-map-faroe_islands.png,,,
ug-map-federated_states_of_micronesia.png,,,
ug-map-fiji.png,,,
ug-map-finland.png,,,
ug-map-france.png,,,
ug-map-french_guiana.png,,,
ug-map-french_polynesia.png,,,
ug-map-gabon.png,,,
ug-map-galapagos_islands.png,https://commons.wikimedia.org/wiki/File:Galapagos_Islands_in_South_America_(-mini_map_-rivers).svg,CC BY-SA 3.0,"trimmed, converted to png, optimised with optipng"
ug-map-georgia.png,,,
ug-map-germany.png,,,
ug-map-ghana.png,,,
ug-map-gibraltar.png,,,
ug-map-greece.png,,,
ug-map-greenland.png,,,
ug-map-grenada.png,"https://commons.wikimedia.org/wiki/File:Grenada_in_its_region.svg",CC BY-SA 3.0,"zoom box added"
ug-map-guadeloupe.png,"https://commons.wikimedia.org/wiki/File:Guadeloupe_in_its_region.svg",CC BY-SA 3.0,"zoom box added"
ug-map-guam.png,,,
ug-map-guatemala.png,,,
ug-map-guernsey.png,,,
ug-map-guinea-bissau.png,,,
ug-map-guinea.png,,,
ug-map-gulf_of_california.jpg,?,,
ug-map-gulf_of_carpentaria.jpg,?,,
ug-map-gulf_of_mexico.jpg,https://commons.wikimedia.org/wiki/File:GulfofMexico3D.jpg,PD,question mark added
ug-map-gulf_of_thailand.jpg,?,,
ug-map-guyana.png,,,
ug-map-haiti.png,,,
ug-map-honduras.png,,,
ug-map-hong_kong.png,,,
ug-map-hudson_bay.jpg,https://commons.wikimedia.org/wiki/File:Labradorseamap.png,CC BY-SA 2.5,"labels removed, question mark added"
ug-map-hungary.png,,,
ug-map-iceland.png,,,
ug-map-india.png,,,
ug-map-indian_ocean.png,https://commons.wikimedia.org/wiki/File:Indianocean.PNG,PD,"used version with white background, optimised with optipng"
ug-map-indonesia.png,,,
ug-map-iran.png,,,
ug-map-iraq.png,,,
ug-map-ireland.png,,,
ug-map-isle_of_man.png,,,
ug-map-israel.png,,,
ug-map-italy.png,,,
ug-map-ivory_coast.png,,,
ug-map-jamaica.png,,,
ug-map-japan.png,,,
ug-map-java.png,https://commons.wikimedia.org/wiki/File:Java_Locator.svg,CC BY-SA 3.0,
ug-map-jersey.png,,,
ug-map-jordan.png,,,
ug-map-kaliningrad_oblast.jpg,?,,
ug-map-kazakhstan.png,,,
ug-map-kenya.png,,,
ug-map-kiribati.png,,,
ug-map-kosovo.png,,,
ug-map-kuwait.png,,,
ug-map-kyrgyzstan.png,,,
ug-map-labrador_sea.jpg,https://commons.wikimedia.org/wiki/File:Labradorseamap.png,CC BY-SA 2.5,"labels removed, question mark added"
ug-map-laos.png,,,
ug-map-latvia.png,,,
ug-map-lebanon.png,,,
ug-map-lesotho.png,,,
ug-map-liberia.png,,,
ug-map-libya.png,,,
ug-map-liechtenstein.png,,,
ug-map-lithuania.png,,,
ug-map-luxembourg.png,,,
ug-map-macau.png,,,
ug-map-madagascar.png,,,
ug-map-madeira.png,,,
ug-map-malawi.png,,,
ug-map-malaysia.png,,,
ug-map-maldives.png,,,
ug-map-mali.png,,,
ug-map-malta.png,,,
ug-map-marshall_islands.png,,,
ug-map-martinique.png,"https://commons.wikimedia.org/wiki/File:Martinique_in_its_region.svg",CC BY-SA 3.0,"zoom box added"
ug-map-mauritania.png,,,
ug-map-mauritius.png,,,
ug-map-mayotte.png,,,
ug-map-mediterranean_sea.jpg,?,,
ug-map-melanesia.jpg,https://commons.wikimedia.org/wiki/File:Map_OC-Melanesia.PNG,PD,"labels removed, old version"
ug-map-melilla.png,https://commons.wikimedia.org/wiki/File:Localizaci%C3%B3n_de_Melilla.svg,CC BY-SA 3.0,"converted to PNG, reduced number of colours, optimised with optipng"
ug-map-mexico.png,,,
ug-map-micronesia.jpg,https://commons.wikimedia.org/wiki/File:Map_of_Micronesia_Oceania.png,PD,
ug-map-moldova.png,,,
ug-map-monaco.png,,,
ug-map-mongolia.png,,,
ug-map-montenegro.png,,,
ug-map-montserrat.png,"https://commons.wikimedia.org/wiki/File:Montserrat_in_its_region.svg",CC BY-SA 3.0,"zoom box added"
ug-map-morocco.png,,,
ug-map-mount_athos.png,https://commons.wikimedia.org/wiki/File:Athos_in_Greece.svg,,
ug-map-mozambique.png,,,
ug-map-myanmar.png,,,
ug-map-namibia.png,,,
ug-map-nauru.png,,,
ug-map-nepal.png,,,
ug-map-netherlands.png,,,
ug-map-new_caledonia.png,,,
ug-map-new_zealand.png,,,
ug-map-nicaragua.png,,,
ug-map-niger.png,,,
ug-map-nigeria.png,,,
ug-map-niue.png,,,
ug-map-norfolk_island.png,,,
ug-map-north_america.png,https://commons.wikimedia.org/wiki/File:North_America_in_the_world_(red)_(W3).svg,CC BY-SA 3.0,
ug-map-north_korea.png,,,
ug-map-north_macedonia.png,,,
ug-map-northern_cyprus.png,,,
ug-map-northern_ireland.png,https://commons.wikimedia.org/wiki/File:Northern_Ireland_in_Europe.svg,CC BY-SA 4.0,
ug-map-northern_mariana_islands.png,,,
ug-map-norway.png,,,
ug-map-norwegian_sea.png,https://commons.wikimedia.org/wiki/File:Norwegian_Sea_map_no.png,CC BY-SA 3.0,"removed labels, optimised with optipng"
ug-map-oceania.png,https://commons.wikimedia.org/wiki/File:Oceania_in_the_world_(red)_(W3).svg,CC BY-SA 3.0,
ug-map-oman.png,,,
ug-map-pacific_ocean.png,https://commons.wikimedia.org/wiki/File:Pacific_Ocean.png,PD,"used old, smaller version with white background, optimised with optipng"
ug-map-pakistan.png,,,
ug-map-palau.png,,,
ug-map-palestine.png,,,
ug-map-panama.png,,,
ug-map-papua_new_guinea.png,,,
ug-map-paraguay.png,,,
ug-map-persian_gulf.jpg,?,,
ug-map-peru.png,,,
ug-map-philippine_sea.jpg,?,,
ug-map-philippines.png,,,
ug-map-pitcairn_islands.png,,,
ug-map-poland.png,,,
ug-map-polynesia.png,https://commons.wikimedia.org/wiki/File:Polynesian_triangle.svg,CC BY 3.0,"removed circles and labels, optimised with optipng"
ug-map-portugal.png,,,
ug-map-puerto_rico.png,,,
ug-map-qatar.png,,,
ug-map-red_sea.jpg,?,,
ug-map-republic_of_the_congo.png,,,
ug-map-reunion.png,,,
ug-map-romania.png,,,
ug-map-russia.png,,,
ug-map-rwanda.png,,,
ug-map-saba.png,,,
ug-map-sahrawi_republic.png,,,
ug-map-saint_helena.png,https://commons.wikimedia.org/wiki/File:St_Helena-Pos.png,CC BY-SA 3.0,
ug-map-saint_kitts_and_nevis.png,,,
ug-map-saint_lucia.png,"https://commons.wikimedia.org/wiki/File:Saint_Lucia_in_its_region.svg",CC BY-SA 3.0,"zoom box added"
ug-map-saint_vincent_and_the_grenadines.png,"https://commons.wikimedia.org/wiki/File:Saint_Vincent_and_the_Grenadines_in_its_region.svg",CC BY-SA 3.0,"zoom box added"
ug-map-samoa.png,,,
ug-map-san_marino.png,,,
ug-map-sao_tome_and_principe.png,,,
ug-map-sardinia.jpg,?,,
ug-map-saudi_arabia.png,,,
ug-map-scandinavia.jpg,,,
ug-map-scotland.png,https://commons.wikimedia.org/wiki/File:Scotland_in_Europe.svg,CC BY-SA 4.0,
ug-map-sea_of_galilee.png,https://commons.wikimedia.org/wiki/File:Sea_of_Galilee_in_its_region_(-mini_map_-rivers)_(zoom_%2B_special_marker).svg,CC BY-SA 3.0,"500px version downloaded, optimised with optipng"
ug-map-sea_of_japan.jpg,?,,
ug-map-senegal.png,,,
ug-map-serbia.png,,,
ug-map-seychelles.png,,,
ug-map-sierra_leone.png,,,
ug-map-singapore.png,,,
ug-map-sint_eustatius.png,,,
ug-map-sint_maarten.png,,,
ug-map-slovakia.png,,,
ug-map-slovenia.png,,,
ug-map-solomon_islands.png,,,
ug-map-somalia.png,,,
ug-map-somaliland.png,,,
ug-map-south_africa.png,,,
ug-map-south_america.png,https://commons.wikimedia.org/wiki/File:South_America_in_the_world_(red)_(W3).svg,CC BY-SA 3.0,
ug-map-south_china_sea.jpg,?,,
ug-map-south_korea.png,,,
ug-map-south_ossetia.png,,,
ug-map-south_sudan.png,,,
ug-map-southern_ocean.jpg,https://commons.wikimedia.org/wiki/File:Location_Southern_Ocean.svg,CC BY-SA 3.0,
ug-map-spain.png,,,
ug-map-sri_lanka.png,,,
ug-map-sudan.png,,,
ug-map-sumatra.jpg,https://commons.wikimedia.org/wiki/File:LocationSumatra.svg,CC BY-SA 2.5,
ug-map-suriname.png,,,
ug-map-sweden.png,,,
ug-map-switzerland.png,,,
ug-map-syria.png,,,
ug-map-taiwan.png,,,
ug-map-tajikistan.png,,,
ug-map-tanzania.png,,,
ug-map-tasman_sea.jpg,?,,
ug-map-thailand.png,,,
ug-map-the_bahamas.png,,,
ug-map-the_gambia.png,,,
ug-map-togo.png,,,
ug-map-tokelau.png,,,
ug-map-tonga.png,,,
ug-map-transnistria.png,,,
ug-map-trinidad_and_tobago.png,,,
ug-map-tunisia.png,,,
ug-map-turkey.png,,,
ug-map-turkmenistan.png,,,
ug-map-turks_and_caicos_islands.png,,,
ug-map-tuvalu.png,,,
ug-map-uganda.png,,,
ug-map-ukraine.png,,,
ug-map-united_arab_emirates.png,,,
ug-map-united_kingdom.png,,,
ug-map-united_states_of_america.png,,,
ug-map-united_states_virgin_islands.png,,,
ug-map-uruguay.png,,,
ug-map-uzbekistan.png,,,
ug-map-vanuatu.png,,,
ug-map-vatican_city.png,,,
ug-map-venezuela.png,,,
ug-map-vietnam.png,,,
ug-map-wales.png,https://commons.wikimedia.org/wiki/File:Wales_in_Europe.svg,CC BY-SA 4.0,
ug-map-white_sea.jpg,https://commons.wikimedia.org/wiki/File:White_Sea_map.png,CC BY-SA 3.0,"cropped, labels removed, question mark added"
ug-map-yellow_sea.jpg,?,,
ug-map-yemen.png,,,
ug-map-zambia.png,,,
ug-map-zanzibar.jpg,?,,
ug-map-zimbabwe.png,,,
