guid,Country,Country:de,"Country info","Country info:de",Capital,Capital:de,"Capital info","Capital info:de","Capital hint","Capital hint:de",Flag,"Flag similarity","Flag similarity:de",Map,tags
crr.AfnVRi,England,England,"Constituent country of the United Kingdom.","Landesteil des Vereinigten Königreichs.",London,London,,,"Constituent country",,"<img src=""ug-flag-england.svg"" />",,,"<img src=""ug-map-england.png"" />",UG::Europe
fLa47kwPQ|,Scotland,Schottland,"Constituent country of the United Kingdom.","Landesteil des Vereinigten Königreichs.",Edinburgh,Edinburgh,,,,,"<img src=""ug-flag-scotland.svg"" />",,,"<img src=""ug-map-scotland.png"" />",UG::Europe
"qip%,jz5{B","United Kingdom","Vereinigtes Königreich",,,London,London,,,"Sovereign country","Souveränes Land","<img src=""ug-flag-united_kingdom.svg"" />",,,"<img src=""ug-map-united_kingdom.png"" />","UG::Europe UG::European_Union UG::Sovereign_State"
a>/E!W3aZ:,"Northern Ireland",Nordirland,"Constituent country of the United Kingdom.","Landesteil des Vereinigten Königreichs.",Belfast,Belfast,,,,,,,,"<img src=""ug-map-northern_ireland.png"" />",UG::Europe
kqgh09rAu/,France,Frankreich,,,Paris,Paris,,,,,"<img src=""ug-flag-france.svg"" />",,,"<img src=""ug-map-france.png"" />","UG::Europe UG::European_Union UG::Mediterranean UG::Sovereign_State"
f<$dGtu.n+,Wales,Wales,"Constituent country of the United Kingdom.","Landesteil des Vereinigten Königreichs.",Cardiff,Cardiff,,,,,"<img src=""ug-flag-wales.svg"" />",,,"<img src=""ug-map-wales.png"" />",UG::Europe
h<F-8<;jT{,Georgia,Georgien,,,Tbilisi,Tiflis,,,,,"<img src=""ug-flag-georgia.svg"" />",,,"<img src=""ug-map-georgia.png"" />","UG::Europe UG::Sovereign_State"
hJ7x:*PI9*,Germany,Deutschland,,,Berlin,Berlin,,,,,"<img src=""ug-flag-germany.svg"" />",,,"<img src=""ug-map-germany.png"" />","UG::Europe UG::European_Union UG::Sovereign_State"
lr1v|Atq>-,Greece,Griechenland,,,Athens,Athen,,,,,"<img src=""ug-flag-greece.svg"" />",,,"<img src=""ug-map-greece.png"" />","UG::Europe UG::European_Union UG::Mediterranean UG::Sovereign_State"
gX&04dwF4K,Greenland,Grönland,"Self-governing territory of Denmark.","Selbstverwaltetes Gebiet von Dänemark.",Nuuk,Nuuk,,,,,"<img src=""ug-flag-greenland.svg"" />",,,"<img src=""ug-map-greenland.png"" />",UG::Europe
kOKi`(Zy9C,Hungary,Ungarn,,,Budapest,Budapest,,,,,"<img src=""ug-flag-hungary.svg"" />",,,"<img src=""ug-map-hungary.png"" />","UG::Europe UG::European_Union UG::Sovereign_State"
e#egEUHJ3(,Albania,Albanien,,,Tirana,Tirana,,,,,"<img src=""ug-flag-albania.svg"" />",,,"<img src=""ug-map-albania.png"" />","UG::Europe UG::Mediterranean UG::Sovereign_State"
b|eaD7qKo],Andorra,Andorra,,,"Andorra la Vella","Andorra la Vella",,,,,"<img src=""ug-flag-andorra.png"" />","Moldova (wider, different coat of arms with eagle)","Republik Moldau/Moldawien (breiter, anderes Wappen mit Adler)","<img src=""ug-map-andorra.png"" />","UG::Europe UG::Sovereign_State"
pAI(peiC8R,Austria,Österreich,,,Vienna,Wien,,,,,"<img src=""ug-flag-austria.svg"" />","Latvia (darker red, narrower white band)","Lettland (dunkleres rot, dünneres weißes Band)","<img src=""ug-map-austria.png"" />","UG::Europe UG::European_Union UG::Sovereign_State"
ii$pXyvZl*,Azerbaijan,Aserbaidschan,,,Baku,Baku,,,,,"<img src=""ug-flag-azerbaijan.svg"" />",,,"<img src=""ug-map-azerbaijan.png"" />","UG::Europe UG::Sovereign_State"
"jl7,HNQ-*C",Belarus,Weißrussland,,,Minsk,Minsk,,,,,"<img src=""ug-flag-belarus.svg"" />",,,"<img src=""ug-map-belarus.png"" />","UG::Europe UG::Sovereign_State"
h].V+TH66),Belgium,Belgien,,,Brussels,Brüssel,,,,,"<img src=""ug-flag-belgium.svg"" />",,,"<img src=""ug-map-belgium.png"" />","UG::Europe UG::European_Union UG::Sovereign_State"
k#zvw56%32,"Bosnia and Herzegovina","Bosnien und Herzegowina",,,Sarajevo,Sarajevo,,,,,"<img src=""ug-flag-bosnia_and_herzegovina.svg"" />",,,"<img src=""ug-map-bosnia_and_herzegovina.png"" />","UG::Europe UG::Mediterranean UG::Sovereign_State"
sdBS(n6JY3,Bulgaria,Bulgarien,,,Sofia,Sofia,,,,,"<img src=""ug-flag-bulgaria.svg"" />",,,"<img src=""ug-map-bulgaria.png"" />","UG::Europe UG::European_Union UG::Sovereign_State"
~W|86[*J^),Croatia,Kroatien,,,Zagreb,Zagreb,,,,,"<img src=""ug-flag-croatia.png"" />",,,"<img src=""ug-map-croatia.png"" />","UG::Europe UG::European_Union UG::Mediterranean UG::Sovereign_State"
r8ZO7&APwX,"Czech Republic",Tschechien,,,Prague,Prag,,,,,"<img src=""ug-flag-czech_republic.svg"" />",,,"<img src=""ug-map-czech_republic.png"" />","UG::Europe UG::European_Union UG::Sovereign_State"
i[lO#Rj1KP,Denmark,Dänemark,,,Copenhagen,Kopenhagen,,,,,"<img src=""ug-flag-denmark.svg"" />",,,"<img src=""ug-map-denmark.png"" />","UG::Europe UG::European_Union UG::Sovereign_State"
5)Q@s0rds,Estonia,Estland,,,Tallinn,Tallinn,,,,,"<img src=""ug-flag-estonia.svg"" />",,,"<img src=""ug-map-estonia.png"" />","UG::Europe UG::European_Union UG::Sovereign_State"
"iDlf,{rw71","Faroe Islands",Färöer,"Self-governing territory of Denmark.","Selbstverwaltetes Gebiet von Dänemark.",Tórshavn,Tórshavn,,,,,"<img src=""ug-flag-faroe_islands.svg"" />",,,"<img src=""ug-map-faroe_islands.png"" />",UG::Europe
"iK8dA,t]9u",Finland,Finnland,,,Helsinki,Helsinki,,,,,"<img src=""ug-flag-finland.svg"" />",,,"<img src=""ug-map-finland.png"" />","UG::Europe UG::European_Union UG::Sovereign_State"
hgM#_P8X&X,Iceland,Island,,,Reykjavík,Reykjavík,,,,,"<img src=""ug-flag-iceland.svg"" />","Norway (red background, blue cross)","Norwegen (roter Hintergrund, blaues Kreuz)","<img src=""ug-map-iceland.png"" />","UG::Europe UG::Sovereign_State"
"qyC@,:!`--",Ireland,Irland,,,Dublin,Dublin,,,,,"<img src=""ug-flag-ireland.svg"" />","Côte d'Ivoire (green and orange flipped)","Elfenbeinküste (Grün und Orange vertauscht)","<img src=""ug-map-ireland.png"" />","UG::Europe UG::European_Union UG::Sovereign_State"
a|+2%dYY*5,Italy,Italien,,,Rome,Rom,,,,,"<img src=""ug-flag-italy.svg"" />",,,"<img src=""ug-map-italy.png"" />","UG::Europe UG::European_Union UG::Mediterranean UG::Sovereign_State"
"kp[>1&>A,$",Latvia,Lettland,,,Riga,Riga,,,,,"<img src=""ug-flag-latvia.svg"" />","Austria (brighter red, wider white band)","Österreich (helleres Rot, breiteres weißes Band)","<img src=""ug-map-latvia.png"" />","UG::Europe UG::European_Union UG::Sovereign_State"
jl|.Fb5A*|,Liechtenstein,Liechtenstein,,,Vaduz,Vaduz,,,,,"<img src=""ug-flag-liechtenstein.svg"" />",,,"<img src=""ug-map-liechtenstein.png"" />","UG::Europe UG::Sovereign_State"
i}a{7=hw-t,Lithuania,Litauen,,,Vilnius,Vilnius,,,,,"<img src=""ug-flag-lithuania.svg"" />",,,"<img src=""ug-map-lithuania.png"" />","UG::Europe UG::European_Union UG::Sovereign_State"
gbA2F8~vwh,Luxembourg,Luxemburg,,,"Luxembourg City",Luxemburg,"Officially Luxembourg.",,,,"<img src=""ug-flag-luxembourg.svg"" />","Netherlands (darker blue)","Niederlande (dunkleres Blau)","<img src=""ug-map-luxembourg.png"" />","UG::Europe UG::European_Union UG::Sovereign_State"
pe!a~})jr(,"North Macedonia",Nordmazedonien,"Formerly known as Macedonia.","Früher bekannt als Mazedonien.",Skopje,Skopje,,,,,"<img src=""ug-flag-north_macedonia.svg"" />",,,"<img src=""ug-map-north_macedonia.png"" />","UG::Europe UG::Sovereign_State"
l-N;VrJ@wL,Malta,Malta,,,Valletta,Valletta,,,,,"<img src=""ug-flag-malta.svg"" />",,,"<img src=""ug-map-malta.png"" />","UG::Europe UG::European_Union UG::Mediterranean UG::Sovereign_State"
|[%dgi.pe,Moldova,"Republik Moldau",,"Auch Moldawien",Chișinău,Chișinău,,,,,"<img src=""ug-flag-moldova.svg"" />","Andorra (narrower, different coat of arms)","Andorra (schmaler, anderes Wappen)","<img src=""ug-map-moldova.png"" />","UG::Europe UG::Sovereign_State"
kBGh@}1aE(,Monaco,Monaco,,,Monaco,Monaco,,,,,"<img src=""ug-flag-monaco.svg"" />","Indonesia (slightly wider) and Poland (colours flipped)","Indonesien (etwas weiter) and Polen (Farben umgedreht)","<img src=""ug-map-monaco.png"" />","UG::Europe UG::Mediterranean UG::Sovereign_State"
s@WA4dY|%c,Montenegro,Montenegro,,,Podgorica,Podgorica,,,,,"<img src=""ug-flag-montenegro.png"" />",,,"<img src=""ug-map-montenegro.png"" />","UG::Europe UG::Mediterranean UG::Sovereign_State"
mzohP<k3{#,Netherlands,Niederlande,,,Amsterdam,Amsterdam,,,,,"<img src=""ug-flag-netherlands.svg"" />","Luxembourg (lighter blue)","Luxemburg (helleres Blau)","<img src=""ug-map-netherlands.png"" />","UG::Europe UG::European_Union UG::Sovereign_State"
j2D=B[!!bW,Norway,Norwegen,,,Oslo,Oslo,,,,,"<img src=""ug-flag-norway.svg"" />",,,"<img src=""ug-map-norway.png"" />","UG::Europe UG::Sovereign_State"
dAKb5_%x?4,Poland,Polen,,,Warsaw,Warschau,,,,,"<img src=""ug-flag-poland.svg"" />","Indonesia and Monaco (colours flipped)","Indonesien und Monaco (Farben umgedreht)","<img src=""ug-map-poland.png"" />","UG::Europe UG::European_Union UG::Sovereign_State"
oD=}Dl&](;,Portugal,Portugal,,,Lisbon,Lissabon,,,,,"<img src=""ug-flag-portugal.svg"" />",,,"<img src=""ug-map-portugal.png"" />","UG::Europe UG::European_Union UG::Sovereign_State"
h&LzDmwPs.,Romania,Rumänien,,,Bucharest,Bukarest,,,,,"<img src=""ug-flag-romania.svg"" />","Chad (slightly darker blue)","Tschad (etwas dunkleres Blau)","<img src=""ug-map-romania.png"" />","UG::Europe UG::European_Union UG::Sovereign_State"
tRl%xwDu>d,Russia,Russland,,,Moscow,Moskau,,,,,"<img src=""ug-flag-russia.svg"" />",,,"<img src=""ug-map-russia.png"" />","UG::Europe UG::Sovereign_State"
his*oE$.bt,"San Marino","San Marino",,,"City of San Marino","San Marino",,,,,"<img src=""ug-flag-san_marino.png"" />",,,"<img src=""ug-map-san_marino.png"" />","UG::Europe UG::Sovereign_State"
sU}vJmyFCk,Serbia,Serbien,,,Belgrade,Belgrad,,,,,"<img src=""ug-flag-serbia.png"" />",,,"<img src=""ug-map-serbia.png"" />","UG::Europe UG::Sovereign_State"
o_Qs1fsA*`,Slovakia,Slowakei,,,Bratislava,Bratislava,,,,,"<img src=""ug-flag-slovakia.svg"" />",,,"<img src=""ug-map-slovakia.png"" />","UG::Europe UG::European_Union UG::Sovereign_State"
etAIJgAn)8,Slovenia,Slowenien,,,Ljubljana,Ljubljana,,,,,"<img src=""ug-flag-slovenia.svg"" />",,,"<img src=""ug-map-slovenia.png"" />","UG::Europe UG::European_Union UG::Mediterranean UG::Sovereign_State"
db{up5I>x|,Spain,Spanien,,,Madrid,Madrid,,,,,"<img src=""ug-flag-spain.svg"" />",,,"<img src=""ug-map-spain.png"" />","UG::Europe UG::European_Union UG::Mediterranean UG::Sovereign_State"
q]au(Cz(^`,Sweden,Schweden,,,Stockholm,Stockholm,,,,,"<img src=""ug-flag-sweden.svg"" />",,,"<img src=""ug-map-sweden.png"" />","UG::Europe UG::European_Union UG::Sovereign_State"
j^y9}r#a`i,Switzerland,Schweiz,,,Bern,Bern,,,,,"<img src=""ug-flag-switzerland.svg"" />",,,"<img src=""ug-map-switzerland.png"" />","UG::Europe UG::Sovereign_State"
h(8o@usM_h,Turkey,Türkei,,,Ankara,Ankara,,,,,"<img src=""ug-flag-turkey.svg"" />",,,"<img src=""ug-map-turkey.png"" />","UG::Asia UG::Middle_East UG::Mediterranean UG::Sovereign_State"
fGeuUP`?$F,Ukraine,Ukraine,,,Kiev,Kiew,,,,,"<img src=""ug-flag-ukraine.svg"" />",,,"<img src=""ug-map-ukraine.png"" />","UG::Europe UG::Sovereign_State"
kW{?TY+Qy@,"Vatican City",Vatikanstadt,,,"Vatican City",Vatikanstadt,,,,,"<img src=""ug-flag-vatican_city.svg"" />",,,"<img src=""ug-map-vatican_city.png"" />","UG::Europe UG::Sovereign_State"
aoo{E3^%kC,Armenia,Armenien,,,Yerevan,Jerewan,,,,,"<img src=""ug-flag-armenia.svg"" />",,,"<img src=""ug-map-armenia.png"" />","UG::Europe UG::Sovereign_State"
iWJ];?5|N/,Cyprus,"Republik Zypern",,,Nicosia,Nikosia,,,,,"<img src=""ug-flag-cyprus.svg"" />",,,"<img src=""ug-map-cyprus.png"" />","UG::Asia UG::European_Union UG::Middle_East UG::Mediterranean UG::Sovereign_State"
gMdH0b17|`,Kazakhstan,Kasachstan,,,Nur-Sultan,Nursultan,"Formerly known as Astana until March 2019.","Auch Nur-Sultan. Früher Astana.",,,"<img src=""ug-flag-kazakhstan.svg"" />",,,"<img src=""ug-map-kazakhstan.png"" />","UG::Asia UG::Sovereign_State"
hmmcO+mVAb,Egypt,Ägypten,,,Cairo,Kairo,,,,,"<img src=""ug-flag-egypt.svg"" />","Iraq (text instead of emblem), Syria (two stars instead of emblem) and Yemen (no emblem)","Irak (Text anstatt Emblem), Syrien (zwei Sterne anstelle Emblem) und Jemen (kein Emblem)","<img src=""ug-map-egypt.png"" />","UG::Africa UG::Middle_East UG::Mediterranean UG::Sovereign_State"
~PH%PYbY:P,Algeria,Algerien,,,Algiers,Algier,,,,,"<img src=""ug-flag-algeria.svg"" />",,,"<img src=""ug-map-algeria.png"" />","UG::Africa UG::Mediterranean UG::Sovereign_State"
mZ-*)8}IxB,Angola,Angola,,,Luanda,Luanda,,,,,"<img src=""ug-flag-angola.svg"" />",,,"<img src=""ug-map-angola.png"" />","UG::Africa UG::Sovereign_State"
ohN$h{pHf],Benin,Benin,,,Porto-Novo,Porto-Novo,"While Porto-Novo is the official capital, Cotonou is the de facto seat of government.","Porto-Novo ist die offizielle Hauptstadt, aber Cotonou ist der Regierungssitz.",,,"<img src=""ug-flag-benin.svg"" />",,,"<img src=""ug-map-benin.png"" />","UG::Africa UG::Sovereign_State"
s1Q[`L|V6P,Botswana,Botswana,,,Gaborone,Gaborone,,,,,"<img src=""ug-flag-botswana.svg"" />",,,"<img src=""ug-map-botswana.png"" />","UG::Africa UG::Sovereign_State"
lwciw@?|$;,"Burkina Faso","Burkina Faso",,,Ouagadougou,"Ouagadougou (Wagadugu)",,,,,"<img src=""ug-flag-burkina_faso.svg"" />",,,"<img src=""ug-map-burkina_faso.png"" />","UG::Africa UG::Sovereign_State"
hb):vKw1c>,Cameroon,Kamerun,,,Yaoundé,Yaoundé,,,,,"<img src=""ug-flag-cameroon.svg"" />","Senegal (green/yellow/red, green star)","Senegal (Grün/Gelb/Rot, grüner Stern)","<img src=""ug-map-cameroon.png"" />","UG::Africa UG::Sovereign_State"
9`VLOuNai,Burundi,Burundi,,,Gitega,Gitega,,,,,"<img src=""ug-flag-burundi.svg"" />",,,"<img src=""ug-map-burundi.png"" />","UG::Africa UG::Sovereign_State"
e*/VR.:h;F,"Cape Verde","Kap Verde",,,Praia,Praia,,,,,"<img src=""ug-flag-cape_verde.svg"" />",,,"<img src=""ug-map-cape_verde.png"" />","UG::Africa UG::Sovereign_State"
eQ:9s?2zZU,"São Tomé and Príncipe","São Tomé und Príncipe",,,"São Tomé","São Tomé",,,,,"<img src=""ug-flag-sao_tome_and_principe.svg"" />",,,"<img src=""ug-map-sao_tome_and_principe.png"" />","UG::Africa UG::Sovereign_State"
t<Q!b5r0kq,"Central African Republic","Zentralafrikanische Republik",,,Bangui,Bangui,,,,,"<img src=""ug-flag-central_african_republic.svg"" />",,,"<img src=""ug-map-central_african_republic.png"" />","UG::Africa UG::Sovereign_State"
uZ8&OrOv.,Chad,Tschad,,,N'Djamena,N’Djamena,,,,,"<img src=""ug-flag-chad.svg"" />","Romania (slightly lighter blue)","Rumänien (etwas helleres Blau)","<img src=""ug-map-chad.png"" />","UG::Africa UG::Sovereign_State"
e|)V<AG59U,"Equatorial Guinea",Äquatorialguinea,,,Malabo,Malabo,,,,,"<img src=""ug-flag-equatorial_guinea.svg"" />",,,"<img src=""ug-map-equatorial_guinea.png"" />","UG::Africa UG::Sovereign_State"
hyMNY#zi)J,Kenya,Kenia,,,Nairobi,Nairobi,,,,,"<img src=""ug-flag-kenya.svg"" />",,,"<img src=""ug-map-kenya.png"" />","UG::Africa UG::Sovereign_State"
rHKHOF]51m,Comoros,Komoren,,,Moroni,Moroni,,,,,"<img src=""ug-flag-comoros.svg"" />",,,"<img src=""ug-map-comoros.png"" />","UG::Africa UG::Sovereign_State"
"h<B?Kff,?3","Ivory Coast (Côte d'Ivoire)","Elfenbeinküste (Côte d’Ivoire)",,,Yamoussoukro,Yamoussoukro,"While Yamoussoukro is the official capital, Abidjan is the de facto seat of government.","Yamoussoukro ist die offizielle Hauptstadt, aber Abidjan ist der Regierungssitz.",,,"<img src=""ug-flag-ivory_coast.svg"" />","Ireland (orange and green flipped)","Irland (Orange und Grün vertauscht)","<img src=""ug-map-ivory_coast.png"" />","UG::Africa UG::Sovereign_State"
mc@<f(]Gv>,"Democratic Republic of the Congo","Demokratische Republik Kongo","Formerly Zaire.","Früher Zaire.",Kinshasa,Kinshasa,,,,,"<img src=""ug-flag-democratic_republic_of_the_congo.svg"" />",,,"<img src=""ug-map-democratic_republic_of_the_congo.png"" />","UG::Africa UG::Sovereign_State"
g@t>u&t7.H,Djibouti,Dschibuti,,,Djibouti,Dschibuti,,,,,"<img src=""ug-flag-djibouti.svg"" />",,,"<img src=""ug-map-djibouti.png"" />","UG::Africa UG::Sovereign_State"
gF*cjel^E`,Guinea-Bissau,Guinea-Bissau,,,Bissau,Bissau,,,,,"<img src=""ug-flag-guinea-bissau.svg"" />",,,"<img src=""ug-map-guinea-bissau.png"" />","UG::Africa UG::Sovereign_State"
n[w!Z!QIms,Eritrea,Eritrea,,,Asmara,Asmara,,,,,"<img src=""ug-flag-eritrea.svg"" />",,,"<img src=""ug-map-eritrea.png"" />","UG::Africa UG::Sovereign_State"
rJP|Fq%{S_,Ethiopia,Äthiopien,,,"Addis Ababa","Addis Abeba",,,,,"<img src=""ug-flag-ethiopia.svg"" />",,,"<img src=""ug-map-ethiopia.png"" />","UG::Africa UG::Sovereign_State"
nu62w6<{gY,Gabon,Gabun,,,Libreville,Libreville,,,,,"<img src=""ug-flag-gabon.svg"" />",,,"<img src=""ug-map-gabon.png"" />","UG::Africa UG::Sovereign_State"
"dk~o,wVUe(","The Gambia",Gambia,,,Banjul,Banjul,,,,,"<img src=""ug-flag-the_gambia.svg"" />",,,"<img src=""ug-map-the_gambia.png"" />","UG::Africa UG::Sovereign_State"
m<X7X:v50H,Lesotho,Lesotho,,,Maseru,Maseru,,,,,"<img src=""ug-flag-lesotho.svg"" />",,,"<img src=""ug-map-lesotho.png"" />","UG::Africa UG::Sovereign_State"
l4=~eHE=:*,Liberia,Liberia,,,Monrovia,Monrovia,,,,,"<img src=""ug-flag-liberia.svg"" />",,,"<img src=""ug-map-liberia.png"" />","UG::Africa UG::Sovereign_State"
kIVVY9}bmG,Madagascar,Madagaskar,,,Antananarivo,Antananarivo,,,,,"<img src=""ug-flag-madagascar.svg"" />",,,"<img src=""ug-map-madagascar.png"" />","UG::Africa UG::Sovereign_State"
q[[qx>.3a5,Malawi,Malawi,,,Lilongwe,Lilongwe,,,,,"<img src=""ug-flag-malawi.svg"" />",,,"<img src=""ug-map-malawi.png"" />","UG::Africa UG::Sovereign_State"
btY}*E#+`],Mali,Mali,,,Bamako,Bamako,,,,,"<img src=""ug-flag-mali.svg"" />","Guinea (green and red flipped, slightly darker green)","Guinea (Grün und Rot vertauscht, etwas dunkleres Grün)","<img src=""ug-map-mali.png"" />","UG::Africa UG::Sovereign_State"
h//ne3{*x9,Mauritania,Mauretanien,,,Nouakchott,Nouakchott,,,,,"<img src=""ug-flag-mauritania.svg"" />",,,"<img src=""ug-map-mauritania.png"" />","UG::Africa UG::Sovereign_State"
"qW/,kuWe+E",Mauritius,Mauritius,,,"Port Louis","Port Louis",,,,,"<img src=""ug-flag-mauritius.svg"" />",,,"<img src=""ug-map-mauritius.png"" />","UG::Africa UG::Sovereign_State"
"kUnRN]-;`,",Morocco,Marokko,,,Rabat,Rabat,,,,,"<img src=""ug-flag-morocco.svg"" />",,,"<img src=""ug-map-morocco.png"" />","UG::Africa UG::Mediterranean UG::Sovereign_State"
tSLQg?yaPz,Mozambique,Mosambik,,,Maputo,Maputo,,,,,"<img src=""ug-flag-mozambique.svg"" />",,,"<img src=""ug-map-mozambique.png"" />","UG::Africa UG::Sovereign_State"
kWOJ?~AG$#,Namibia,Namibia,,,Windhoek,Windhoek,,,,,"<img src=""ug-flag-namibia.svg"" />",,,"<img src=""ug-map-namibia.png"" />","UG::Africa UG::Sovereign_State"
hO2eO)5onp,Niger,Niger,,,Niamey,Niamey,,,,,"<img src=""ug-flag-niger.svg"" />",,,"<img src=""ug-map-niger.png"" />","UG::Africa UG::Sovereign_State"
q%cY_.1/yj,Nigeria,Nigeria,,,Abuja,Abuja,,,,,"<img src=""ug-flag-nigeria.svg"" />",,,"<img src=""ug-map-nigeria.png"" />","UG::Africa UG::Sovereign_State"
"sJ)FW9UF,&","Republic of the Congo","Republik Kongo",,,Brazzaville,Brazzaville,,,,,"<img src=""ug-flag-republic_of_the_congo.svg"" />",,,"<img src=""ug-map-republic_of_the_congo.png"" />","UG::Africa UG::Sovereign_State"
hpQkX6n$.*,Rwanda,Ruanda,,,Kigali,Kigali,,,,,"<img src=""ug-flag-rwanda.svg"" />",,,"<img src=""ug-map-rwanda.png"" />","UG::Africa UG::Sovereign_State"
rt`v%xKZAN,Senegal,Senegal,,,Dakar,Dakar,,,,,"<img src=""ug-flag-senegal.svg"" />","Cameroon (green/red/yellow, yellow&nbsp;star)","Kamerun (Grün/Rot/Gelb, gelber Stern)","<img src=""ug-map-senegal.png"" />","UG::Africa UG::Sovereign_State"
f3)B2N]t)@,Seychelles,Seychellen,,,Victoria,Victoria,,,,,"<img src=""ug-flag-seychelles.svg"" />",,,"<img src=""ug-map-seychelles.png"" />","UG::Africa UG::Sovereign_State"
sOb`>T?fSr,"Sierra Leone","Sierra Leone",,,Freetown,Freetown,,,,,"<img src=""ug-flag-sierra_leone.svg"" />","Galápagos Islands (slightly darker blue)","Galapagos Inseln (etwas dunkleres Blau)","<img src=""ug-map-sierra_leone.png"" />","UG::Africa UG::Sovereign_State"
cu1g@NblAd,"South Africa",Südafrika,,,Pretoria,Pretoria,"South Africa has no legally defined capital: the branches of government are split over three cities: Pretoria (executive), Cape Town (legislative) and Bloemfontein (judicial).","Die Regierung sitzt in der formellen Hauptstadt Pretoria (Exekutive), das Parlament in Kapstadt (Legislative) und das Oberste Berufungsgericht in Bloemfontein (Judikative).",,,"<img src=""ug-flag-south_africa.svg"" />",,,"<img src=""ug-map-south_africa.png"" />","UG::Africa UG::Sovereign_State"
iv2`s6j8.F,Sudan,Sudan,,,Khartoum,Khartum,,,,,"<img src=""ug-flag-sudan.svg"" />","Palestine (red arrow, green stripe)","Palästina (roter Pfeil, grüner Streifen)","<img src=""ug-map-sudan.png"" />","UG::Africa UG::Sovereign_State"
ce:l#d*BY_,eSwatini,Swasiland,"Also known as Swaziland.","Seit 2018: Eswatini",Mbabane,Mbabane,"While Mbabane is the official, executive capital, Lobamba is the traditional, spiritual and legislative capital.","Mbabane ist das offizielle Haupstadt, aber Lobamba ist das traditionelle Haupstadt und Sitz des nationalen Parlaments.",,,"<img src=""ug-flag-eswatini.svg"" />",,,"<img src=""ug-map-eswatini.png"" />","UG::Africa UG::Sovereign_State"
nw=/_pNoq?,Tanzania,Tansania,,,Dodoma,Dodoma,"While Dodoma is the official capital, Dar es Salaam is the de facto seat of government.","Dodoma ist die offizielle Hauptstadt, aber Dar es Salaam ist der Regierungssitz.",,,"<img src=""ug-flag-tanzania.svg"" />",,,"<img src=""ug-map-tanzania.png"" />","UG::Africa UG::Sovereign_State"
rr3dJmql2q,Togo,Togo,,,Lomé,Lomé,,,,,"<img src=""ug-flag-togo.svg"" />",,,"<img src=""ug-map-togo.png"" />","UG::Africa UG::Sovereign_State"
d_DiXa|fP%,Tunisia,Tunesien,,,Tunis,Tunis,,,,,"<img src=""ug-flag-tunisia.svg"" />",,,"<img src=""ug-map-tunisia.png"" />","UG::Africa UG::Mediterranean UG::Sovereign_State"
e4=DR/pxJO,Uganda,Uganda,,,Kampala,Kampala,,,,,"<img src=""ug-flag-uganda.svg"" />",,,"<img src=""ug-map-uganda.png"" />","UG::Africa UG::Sovereign_State"
a$T5KE(n!#,"Sahrawi Republic","Demokratische Arabische Republik Sahara (DARS)","Partially recognised state claimed by Morocco.","Teilweise anerkannter Staat, beansprucht von Marokko.","El Aaiún","El Aaiún","While El Aaiún is the declared capital,&nbsp;Tifariti is the de facto seat of government.","El Aaiún ist die erklärte Hauptstadt, aber Tifariti ist der Regierungssitz.",,,"<img src=""ug-flag-sahrawi_republic.svg"" />",,,"<img src=""ug-map-sahrawi_republic.png"" />","UG::Africa UG::Sovereign_State"
d98-ll&5O!,Zambia,Sambia,,,Lusaka,Lusaka,,,,,"<img src=""ug-flag-zambia.svg"" />",,,"<img src=""ug-map-zambia.png"" />","UG::Africa UG::Sovereign_State"
"py.},59SZz",Zimbabwe,Simbabwe,,,Harare,Harare,,,,,"<img src=""ug-flag-zimbabwe.svg"" />",,,"<img src=""ug-map-zimbabwe.png"" />","UG::Africa UG::Sovereign_State"
cB]XeL7sC?,"Canary Islands","Kanarischen Inseln","Autonomous community of Spain.","Autonome Gemeinschaft von Spanien.","Santa Cruz and Las Palmas","Santa Cruz de Tenerife und Las Palmas de Gran Canaria",,,,,"<img src=""ug-flag-canary_islands.svg"" />",,,"<img src=""ug-map-canary_islands.png"" />",UG::Africa
keRnJo7r)C,Afghanistan,Afghanistan,,,Kabul,Kabul,,,,,"<img src=""ug-flag-afghanistan.png"" />",,,"<img src=""ug-map-afghanistan.png"" />","UG::Asia UG::Sovereign_State"
q5<Hr:l]lD,Bahrain,Bahrain,,,Manama,Manama,,,,,"<img src=""ug-flag-bahrain.svg"" />","Qatar (wider, more serrated edges, purple/maroon)","Katar (mehr kleinere zacken, violett)","<img src=""ug-map-bahrain.png"" />","UG::Asia UG::Middle_East UG::Sovereign_State"
jrw*QcSd7),Bangladesh,Bangladesch,,,Dhaka,Dhaka,,,,,"<img src=""ug-flag-bangladesh.svg"" />",,,"<img src=""ug-map-bangladesh.png"" />","UG::Asia UG::Sovereign_State"
i?s-)M+3LC,Bhutan,Bhutan,,,Thimphu,Thimphu,,,,,"<img src=""ug-flag-bhutan.svg"" />",,,"<img src=""ug-map-bhutan.png"" />","UG::Asia UG::Sovereign_State"
q|wxe1INFn,Brunei,Brunei,,,"Bandar Seri Begawan","Bandar Seri Begawan",,,,,"<img src=""ug-flag-brunei.svg"" />",,,"<img src=""ug-map-brunei.png"" />","UG::Asia UG::Southeast_Asia UG::Sovereign_State"
k.(}S1;!u+,China,"Volksrepublik China",,,Beijing,Peking,,,,,"<img src=""ug-flag-china.svg"" />",,,"<img src=""ug-map-china.png"" />","UG::Asia UG::Sovereign_State"
~`lJPp4XaN,Cambodia,Kambodscha,,,"Phnom Penh","Phnom Penh",,,,,"<img src=""ug-flag-cambodia.svg"" />",,,"<img src=""ug-map-cambodia.png"" />","UG::Asia UG::Southeast_Asia UG::Sovereign_State"
q9FSnNXA%>,Indonesia,Indonesien,,,Jakarta,Jakarta,,,,,"<img src=""ug-flag-indonesia.svg"" />","Monaco (slightly narrower) and Poland (colours flipped)","Monaco (weniger weit) und Polen (Farben vertauscht)","<img src=""ug-map-indonesia.png"" />","UG::Asia UG::Southeast_Asia UG::Sovereign_State"
obg]3w:]w`,India,Indien,,,"New Delhi",Neu-Delhi,,,,,"<img src=""ug-flag-india.svg"" />",,,"<img src=""ug-map-india.png"" />","UG::Asia UG::Sovereign_State"
j1J!`:2g=S,"Hong Kong",Hongkong,"Special Administrative Region of China.","Sonderverwaltungszone der China.",,,,,,,"<img src=""ug-flag-hong_kong.svg"" />",,,"<img src=""ug-map-hong_kong.png"" />",UG::Asia
kN7ucSA]77,Iran,Iran,,,Tehran,Teheran,,,,,"<img src=""ug-flag-iran.svg"" />",,,"<img src=""ug-map-iran.png"" />","UG::Asia UG::Middle_East UG::Sovereign_State"
gV:vI&!;j7,Israel,Israel,,,Jerusalem,Jerusalem,,,,,"<img src=""ug-flag-israel.svg"" />",,,"<img src=""ug-map-israel.png"" />","UG::Asia UG::Middle_East UG::Mediterranean UG::Sovereign_State"
h-e/pKcWcK,Iraq,Irak,,,Baghdad,Bagdad,,,,,"<img src=""ug-flag-iraq.svg"" />","Egypt (emblem instead of text), Syria (two stars instead of text) and Yemen (no text)","Ägypten (Emblem statt Text), Syrien (zwei Sterne statt Text) und Jemen (kein Text)","<img src=""ug-map-iraq.png"" />","UG::Asia UG::Middle_East UG::Sovereign_State"
fBIl?(O;GK,"South Korea",Südkorea,,,Seoul,Seoul,,,,,"<img src=""ug-flag-south_korea.svg"" />",,,"<img src=""ug-map-south_korea.png"" />","UG::Asia UG::Sovereign_State"
pf9?iCrnq3,"North Korea",Nordkorea,,,Pyongyang,Pjöngjang,,,,,"<img src=""ug-flag-north_korea.svg"" />",,,"<img src=""ug-map-north_korea.png"" />","UG::Asia UG::Sovereign_State"
gpAm`b+<@$,Jordan,Jordanien,,,Amman,Amman,,,,,"<img src=""ug-flag-jordan.svg"" />","Palestine (no star, shorter arrow)","Palästina (kein Stern, kürzerer Pfeil)","<img src=""ug-map-jordan.png"" />","UG::Asia UG::Middle_East UG::Sovereign_State"
jKz8&brS?Q,Japan,Japan,,,Tokyo,Tokio,,,,,"<img src=""ug-flag-japan.svg"" />",,,"<img src=""ug-map-japan.png"" />","UG::Asia UG::Sovereign_State"
k5Lsw~?CS<,Lebanon,Libanon,,,Beirut,Beirut,,,,,"<img src=""ug-flag-lebanon.svg"" />",,,"<img src=""ug-map-lebanon.png"" />","UG::Asia UG::Middle_East UG::Mediterranean UG::Sovereign_State"
g`wTk)sEO;,Laos,Laos,,,Vientiane,Vientiane,,,,,"<img src=""ug-flag-laos.svg"" />",,,"<img src=""ug-map-laos.png"" />","UG::Asia UG::Southeast_Asia UG::Sovereign_State"
nWR|<-!<3D,Kyrgyzstan,Kirgisistan,,,Bishkek,Bischkek,,,,,"<img src=""ug-flag-kyrgyzstan.svg"" />",,,"<img src=""ug-map-kyrgyzstan.png"" />","UG::Asia UG::Sovereign_State"
c6[_RRw1RP,Kuwait,Kuwait,,,"Kuwait City",Kuwait-Stadt,,,,,"<img src=""ug-flag-kuwait.svg"" />",,,"<img src=""ug-map-kuwait.png"" />","UG::Asia UG::Middle_East UG::Sovereign_State"
jqRl$9tc|=,Myanmar,Myanmar,"Also known as Burma.","Auch Birma oder Burma.",Naypyidaw,Naypyidaw,,,,,"<img src=""ug-flag-myanmar.svg"" />",,,"<img src=""ug-map-myanmar.png"" />","UG::Asia UG::Southeast_Asia UG::Sovereign_State"
bcKCjo|@FB,Mongolia,Mongolei,,,Ulaanbaatar,Ulaanbaatar,,,,,"<img src=""ug-flag-mongolia.svg"" />",,,"<img src=""ug-map-mongolia.png"" />","UG::Asia UG::Sovereign_State"
f{.=@!vp[F,Maldives,Malediven,,,Malé,Malé,,,,,"<img src=""ug-flag-maldives.svg"" />",,,"<img src=""ug-map-maldives.png"" />","UG::Asia UG::Sovereign_State"
kW|_Dl/sH;,Malaysia,Malaysia,,,"Kuala Lumpur","Kuala Lumpur",,,,,"<img src=""ug-flag-malaysia.svg"" />",,,"<img src=""ug-map-malaysia.png"" />","UG::Asia UG::Southeast_Asia UG::Sovereign_State"
"c$,^My)7,o",Oman,Oman,,,Muscat,Maskat,,,,,"<img src=""ug-flag-oman.svg"" />",,,"<img src=""ug-map-oman.png"" />","UG::Asia UG::Middle_East UG::Sovereign_State"
"jc,5d-!25%",Nepal,Nepal,,,Kathmandu,Kathmandu,,,,,"<img src=""ug-flag-nepal.svg"" />",,,"<img src=""ug-map-nepal.png"" />","UG::Asia UG::Sovereign_State"
eyzMdbI<py,Palestine,Palästina,,,Ramallah,Ramallah,,,,,"<img src=""ug-flag-palestine.svg"" />","Jordan (white star in arrow, longer arrow) and Sudan (green arrow, red stripe)","Jordanien (weißer Stern im Pfeil, längerer Pfeil) und Sudan (grüner Pfeil, roter Streifen)","<img src=""ug-map-palestine.png"" />","UG::Asia UG::Middle_East UG::Mediterranean UG::Sovereign_State"
g-=f.1BY3@,Pakistan,Pakistan,,,Islamabad,Islamabad,,,,,"<img src=""ug-flag-pakistan.svg"" />",,,"<img src=""ug-map-pakistan.png"" />","UG::Asia UG::Sovereign_State"
"kIW,oO0t&9",Qatar,Katar,,,Doha,Doha,,,,,"<img src=""ug-flag-qatar.svg"" />","Bahrain (narrower, fewer serrated edges, red)","Bahrain (enger, weniger Zacken, rot)","<img src=""ug-map-qatar.png"" />","UG::Asia UG::Middle_East UG::Sovereign_State"
"jZB|XiS`N,","Saudi Arabia",Saudi-Arabien,,,Riyadh,Riad,,,,,"<img src=""ug-flag-saudi_arabia.svg"" />",,,"<img src=""ug-map-saudi_arabia.png"" />","UG::Asia UG::Middle_East UG::Sovereign_State"
a:xcf2;d`h,Singapore,Singapur,,,Singapore,Singapur,,,,,"<img src=""ug-flag-singapore.svg"" />",,,"<img src=""ug-map-singapore.png"" />","UG::Asia UG::Southeast_Asia UG::Sovereign_State"
czq?(.f9rK,Syria,Syrien,,,Damascus,Damaskus,,,,,"<img src=""ug-flag-syria.svg"" />","Egypt (emblem instead of stars), Iraq (text instead of stars) and Yemen (no stars)","Ägypten (Emblem statt Sterne), Irak (Text statt Sterne) und Jemen (keine Sterne)","<img src=""ug-map-syria.png"" />","UG::Asia UG::Middle_East UG::Mediterranean UG::Sovereign_State"
kDeaNFo$(Q,Taiwan,Taiwan,"Partially recognised state claimed by China.","Völkerrechtliche Stellung umstritten, von China beansprucht.",Taipei,Taipeh,,,,,"<img src=""ug-flag-taiwan.svg"" />",,,"<img src=""ug-map-taiwan.png"" />","UG::Asia UG::Sovereign_State"
ei3G6ous#%,"Sri Lanka","Sri Lanka",,,"Sri Jayawardenepura Kotte","Sri Jayawardenepura Kotte","Colombo is often referred to as the capital but Sri Jayawardenepura Kotte, a suburb of Colombo, is the official, legislative capital.","Colombo wird oft als die Hauptstadt bezeichnet, aber Sri Jayawardenepura Kotte, ein Vorort von Colombo, ist die offizielle, legislative Hauptstadt.",,,"<img src=""ug-flag-sri_lanka.svg"" />",,,"<img src=""ug-map-sri_lanka.png"" />","UG::Asia UG::Sovereign_State"
eLiW%Al2Is,Tajikistan,Tadschikistan,,,Dushanbe,Duschanbe,,,,,"<img src=""ug-flag-tajikistan.svg"" />",,,"<img src=""ug-map-tajikistan.png"" />","UG::Asia UG::Sovereign_State"
f)aQmJp.B?,Thailand,Thailand,,,Bangkok,Bangkok,,,,,"<img src=""ug-flag-thailand.svg"" />","Costa Rica (blue and red&nbsp;inverted, with coat of arms)","Costa Rica (Blau und Rot vertauscht, mit Wappen)","<img src=""ug-map-thailand.png"" />","UG::Asia UG::Southeast_Asia UG::Sovereign_State"
"d@=,E(oqDu","East Timor",Osttimor,"Also known as&nbsp;Timor-Leste.","Auch Timor-Leste.",Dili,Dili,,,,,"<img src=""ug-flag-east_timor.svg"" />",,,"<img src=""ug-map-east_timor.png"" />","UG::Asia UG::Southeast_Asia UG::Sovereign_State"
mLG*@5t=NG,"United Arab Emirates","Vereinigte Arabische Emirate",,,"Abu Dhabi","Abu Dhabi",,,,,"<img src=""ug-flag-united_arab_emirates.svg"" />",,,"<img src=""ug-map-united_arab_emirates.png"" />","UG::Asia UG::Middle_East UG::Sovereign_State"
stDJ0UMUpB,Turkmenistan,Turkmenistan,,,Ashgabat,Aschgabat,,,,,"<img src=""ug-flag-turkmenistan.svg"" />",,,"<img src=""ug-map-turkmenistan.png"" />","UG::Asia UG::Sovereign_State"
cd|8X=p-KA,Yemen,Jemen,,,Sana'a,Sanaa,,,,,"<img src=""ug-flag-yemen.svg"" />","Egypt (with emblem), Iraq (with text) and Syria (with two stars)","Ägypten (mit Emblem), Irak (mit Text) und Syrien (mit zwei Sternen)","<img src=""ug-map-yemen.png"" />","UG::Asia UG::Middle_East UG::Sovereign_State"
n(u/Le9LCH,Vietnam,Vietnam,,,Hanoi,Hanoi,,,,,"<img src=""ug-flag-vietnam.svg"" />",,,"<img src=""ug-map-vietnam.png"" />","UG::Asia UG::Southeast_Asia UG::Sovereign_State"
kN&[K]7`>c,Uzbekistan,Usbekistan,,,Tashkent,Taschkent,,,,,"<img src=""ug-flag-uzbekistan.svg"" />",,,"<img src=""ug-map-uzbekistan.png"" />","UG::Asia UG::Sovereign_State"
e%F*sk0uaT,Fiji,Fidschi,,,Suva,Suva,,,,,"<img src=""ug-flag-fiji.svg"" />",,,"<img src=""ug-map-fiji.png"" />","UG::Oceania UG::Sovereign_State"
jT[(te+7i%,"Papua New Guinea",Papua-Neuguinea,,,"Port Moresby","Port Moresby",,,,,"<img src=""ug-flag-papua_new_guinea.svg"" />",,,"<img src=""ug-map-papua_new_guinea.png"" />","UG::Oceania UG::Sovereign_State"
i~E.z}UxNF,Australia,Australien,,,Canberra,Canberra,,,,,"<img src=""ug-flag-australia.svg"" />","New Zealand (red stars, two fewer stars)","Neuseeland (rote Sterne, zwei Sterne weniger)","<img src=""ug-map-australia.png"" />","UG::Oceania UG::Sovereign_State"
pAOtFl&>U#,"Solomon Islands",Salomonen,,"Auch Salomoninseln.",Honiara,Honiara,,,,,"<img src=""ug-flag-solomon_islands.svg"" />",,,"<img src=""ug-map-solomon_islands.png"" />","UG::Oceania UG::Sovereign_State"
"lnwLD_&,vQ",Argentina,Argentinien,,,"Buenos Aires","Buenos Aires",,,,,"<img src=""ug-flag-argentina.svg"" />",,,"<img src=""ug-map-argentina.png"" />","UG::America UG::South_America UG::Sovereign_State"
iT9GkRCv}3,Bolivia,Bolivien,,,Sucre,Sucre,"While Sucre is the constitutional capital, La Paz is the seat of government.","Sucre ist die offizielle Hauptstadt, aber La Paz ist der Regierungssitz.",,,"<img src=""ug-flag-bolivia.png"" />",,,"<img src=""ug-map-bolivia.png"" />","UG::America UG::South_America UG::Sovereign_State"
q1+V%/.{Ud,Brazil,Brasilien,,,Brasilia,Brasília,,,,,"<img src=""ug-flag-brazil.svg"" />",,,"<img src=""ug-map-brazil.png"" />","UG::America UG::South_America UG::Sovereign_State"
ohAyl/RDzo,Chile,Chile,,,Santiago,"Santiago de Chile",,,,,"<img src=""ug-flag-chile.svg"" />",,,"<img src=""ug-map-chile.png"" />","UG::America UG::South_America UG::Sovereign_State"
f0(HVIK@$w,Colombia,Kolumbien,,,Bogotá,Bogotá,,,,,"<img src=""ug-flag-colombia.svg"" />","Ecuador (with coat of arms)","Ecuador (mit Wappen)","<img src=""ug-map-colombia.png"" />","UG::America UG::South_America UG::Sovereign_State"
jY<1R8gh$5,Ecuador,Ecuador,,,Quito,Quito,,,,,"<img src=""ug-flag-ecuador.png"" />","Colombia (no coat of arms)","Kolumbien (kein Wappen)","<img src=""ug-map-ecuador.png"" />","UG::America UG::South_America UG::Sovereign_State"
ow]5&Kht`e,Guyana,Guyana,,,Georgetown,Georgetown,,,"One-word country name",Ein-Wort-Ländername,"<img src=""ug-flag-guyana.svg"" />",,,"<img src=""ug-map-guyana.png"" />","UG::America UG::South_America UG::Sovereign_State"
qksH)(ibFv,Paraguay,Paraguay,,,Asunción,Asunción,,,,,"<img src=""ug-flag-paraguay.svg"" />",,,"<img src=""ug-map-paraguay.png"" />","UG::America UG::South_America UG::Sovereign_State"
h%Lx8uxLJ{,Peru,Peru,,,Lima,Lima,,,,,"<img src=""ug-flag-peru.png"" />",,,"<img src=""ug-map-peru.png"" />","UG::America UG::South_America UG::Sovereign_State"
"i0)jG,7&w>",Suriname,Suriname,,"Auch Surinam.",Paramaribo,Paramaribo,,,,,"<img src=""ug-flag-suriname.svg"" />",,,"<img src=""ug-map-suriname.png"" />","UG::America UG::South_America UG::Sovereign_State"
cBO(I-Le=v,Uruguay,Uruguay,,,Montevideo,Montevideo,,,,,"<img src=""ug-flag-uruguay.svg"" />",,,"<img src=""ug-map-uruguay.png"" />","UG::America UG::South_America UG::Sovereign_State"
mkj;-5D/)m,Venezuela,Venezuela,,,Caracas,Caracas,,,,,"<img src=""ug-flag-venezuela.png"" />",,,"<img src=""ug-map-venezuela.png"" />","UG::America UG::South_America UG::Sovereign_State"
qd$w_!A9y<,"Cook Islands",Cookinseln,,,Avarua,Avarua,,,,,"<img src=""ug-flag-cook_islands.svg"" />",,,"<img src=""ug-map-cook_islands.png"" />","UG::Oceania UG::Sovereign_State"
iaA$(k1aV>,"Federated States of Micronesia","Föderierte Staaten von Mikronesien",,,Palikir,Palikir,,,,,"<img src=""ug-flag-federated_states_of_micronesia.svg"" />",,,"<img src=""ug-map-federated_states_of_micronesia.png"" />","UG::Oceania UG::Sovereign_State"
b`8}eUH!Ii,Guam,Guam,"Unincorporated territory of the United States.","Nichtinkorporiertes US-amerikanisches Außengebiet.",Hagåtña,Hagåtña,,,,,"<img src=""ug-flag-guam.svg"" />",,,"<img src=""ug-map-guam.png"" />",UG::Oceania
(q~{y)|kE,Vanuatu,Vanuatu,,,"Port Vila","Port Vila",,,,,"<img src=""ug-flag-vanuatu.svg"" />",,,"<img src=""ug-map-vanuatu.png"" />","UG::Oceania UG::Sovereign_State"
cBPu]M1k/$,Canada,Kanada,,,Ottawa,Ottawa,,,,,"<img src=""ug-flag-canada.svg"" />",,,"<img src=""ug-map-canada.png"" />","UG::America UG::North+Central_America UG::Sovereign_State"
~C-y];LuK3,"United States of America","Vereinigte Staaten von Amerika",,,"Washington, D.C.","Washington, D.C.",,,,,"<img src=""ug-flag-united_states_of_america.svg"" />",,,"<img src=""ug-map-united_states_of_america.png"" />","UG::America UG::North+Central_America UG::Sovereign_State"
"q9/,0kK9h>",Mexico,Mexiko,,,"Mexico City",Mexiko-Stadt,,,,,"<img src=""ug-flag-mexico.png"" />",,,"<img src=""ug-map-mexico.png"" />","UG::America UG::North+Central_America UG::Sovereign_State"
rcI^]YY+!g,"Puerto Rico","Puerto Rico","Unincorporated territory of the United States.","Nichtinkorporiertes US-amerikanisches Außengebiet.","San Juan","San Juan",,,,,"<img src=""ug-flag-puerto_rico.svg"" />","Cuba (blue and red&nbsp;inverted)","Kuba (Blau and Rot vertauscht)","<img src=""ug-map-puerto_rico.png"" />","UG::America UG::Caribbean"
p>MR5vWbwJ,Cuba,Kuba,,,Havana,Havanna,,,,,"<img src=""ug-flag-cuba.svg"" />","Puerto Rico (red and blue inverted)","Puerto Rico (Rot und Blau vertauscht)","<img src=""ug-map-cuba.png"" />","UG::America UG::Caribbean UG::Sovereign_State"
j$5&q7O&%>,"Dominican Republic","Dominikanische Republik",,,"Santo Domingo","Santo Domingo",,,,,"<img src=""ug-flag-dominican_republic.png"" />",,,"<img src=""ug-map-dominican_republic.png"" />","UG::America UG::Caribbean UG::Sovereign_State"
f}r?r8kW=^,Haiti,Haiti,,,Port-au-Prince,Port-au-Prince,,,,,"<img src=""ug-flag-haiti.svg"" />",,,"<img src=""ug-map-haiti.png"" />","UG::America UG::Caribbean UG::Sovereign_State"
fnDvVbeE_Z,Jamaica,Jamaika,,,Kingston,Kingston,,,Caribbean,Karibik,"<img src=""ug-flag-jamaica.svg"" />",,,"<img src=""ug-map-jamaica.png"" />","UG::America UG::Caribbean UG::Sovereign_State"
re`5rw99TD,"Trinidad and Tobago","Trinidad und Tobago",,,"Port of Spain","Port of Spain",,,,,"<img src=""ug-flag-trinidad_and_tobago.svg"" />",,,"<img src=""ug-map-trinidad_and_tobago.png"" />","UG::America UG::Caribbean UG::Sovereign_State"
e%!;xc:jxC,Bermuda,Bermuda,"Overseas territory of the United Kingdom.","Britisches Überseegebiet.",Hamilton,Hamilton,,,,,"<img src=""ug-flag-bermuda.svg"" />",,,"<img src=""ug-map-bermuda.png"" />","UG::America UG::Caribbean"
"r]V9W,sj5i",Guadeloupe,Guadeloupe,"Overseas department of France.","Übersee-Département von Frankreich.",Basse-Terre,Basse-Terre,,,"Not a sovereign country","Kein souveränes Land",,,,"<img src=""ug-map-guadeloupe.png"" />","UG::America UG::Caribbean"
>e=4!;^#_,"The Bahamas",Bahamas,,,Nassau,Nassau,,,,,"<img src=""ug-flag-the_bahamas.svg"" />",,,"<img src=""ug-map-the_bahamas.png"" />","UG::America UG::Caribbean UG::Sovereign_State"
cIMc3Nzy>W,Barbados,Barbados,,,Bridgetown,Bridgetown,,,,,"<img src=""ug-flag-barbados.svg"" />",,,"<img src=""ug-map-barbados.png"" />","UG::America UG::Caribbean UG::Sovereign_State"
rOVL2(d0m^,Belize,Belize,,,Belmopan,Belmopan,,,,,"<img src=""ug-flag-belize.png"" />",,,"<img src=""ug-map-belize.png"" />","UG::America UG::North+Central_America UG::Sovereign_State"
"s,m:kRL/53","Costa Rica","Costa Rica",,,"San José","San José",,,,,"<img src=""ug-flag-costa_rica.png"" />","Thailand (red and blue inverted, no coat of arms)","Thailand (Rot und Blau vertauscht, kein Wappen)","<img src=""ug-map-costa_rica.png"" />","UG::America UG::North+Central_America UG::Sovereign_State"
il{B6F&ui9,"El Salvador","El Salvador",,,"San Salvador","San Salvador",,,,,"<img src=""ug-flag-el_salvador.png"" />","Nicaragua (different coat of arms)","Nicaragua (anderes Wappen)","<img src=""ug-map-el_salvador.png"" />","UG::America UG::North+Central_America UG::Sovereign_State"
b^_Av:%|%E,Guatemala,Guatemala,,,"Guatemala City",Guatemala-Stadt,,,,,"<img src=""ug-flag-guatemala.png"" />",,,"<img src=""ug-map-guatemala.png"" />","UG::America UG::North+Central_America UG::Sovereign_State"
rGPlNG/dw%,Honduras,Honduras,,,Tegucigalpa,Tegucigalpa,,,,,"<img src=""ug-flag-honduras.svg"" />",,,"<img src=""ug-map-honduras.png"" />","UG::America UG::North+Central_America UG::Sovereign_State"
oz4yuR}6W$,Nicaragua,Nicaragua,,,Managua,Managua,,,,,"<img src=""ug-flag-nicaragua.svg"" />","El Salvador (different coat of arms)","El Salvador (anderes Wappen)","<img src=""ug-map-nicaragua.png"" />","UG::America UG::North+Central_America UG::Sovereign_State"
t1/=+}2*3>,Panama,Panama,,,"Panama City",Panama-Stadt,,,,,"<img src=""ug-flag-panama.svg"" />",,,"<img src=""ug-map-panama.png"" />","UG::America UG::North+Central_America UG::Sovereign_State"
kb%EK<T(Tt,"Antigua and Barbuda","Antigua und Barbuda",,,"St. John's","Saint John’s",,,,,"<img src=""ug-flag-antigua_and_barbuda.svg"" />",,,"<img src=""ug-map-antigua_and_barbuda.png"" />","UG::America UG::Caribbean UG::Sovereign_State"
iK~qWOheLq,Dominica,Dominica,,,Roseau,Roseau,,,,,"<img src=""ug-flag-dominica.svg"" />",,,"<img src=""ug-map-dominica.png"" />","UG::America UG::Caribbean UG::Sovereign_State"
tMrR6sO|1I,"Saint Vincent and the Grenadines","St. Vincent und die Grenadinen",,,Kingstown,Kingstown,,,,,"<img src=""ug-flag-saint_vincent_and_the_grenadines.svg"" />",,,"<img src=""ug-map-saint_vincent_and_the_grenadines.png"" />","UG::America UG::Caribbean UG::Sovereign_State"
asajU<(4|R,Somalia,Somalia,,,Mogadishu,Mogadischu,,,,,"<img src=""ug-flag-somalia.svg"" />",,,"<img src=""ug-map-somalia.png"" />","UG::Africa UG::Sovereign_State"
e1zOyx7^cj,Zanzibar,Sansibar,"Semi-autonomous region of Tanzania.","Halbautonomer Teilstaat von Tansania.","Zanzibar City",Sansibar-Stadt,,,,,"<img src=""ug-flag-zanzibar.svg"" />",,,"<img src=""ug-map-zanzibar.jpg"" />",UG::Africa
e9ss7Fgu&7,Ghana,Ghana,,,Accra,Accra,,,,,"<img src=""ug-flag-ghana.svg"" />",,,"<img src=""ug-map-ghana.png"" />","UG::Africa UG::Sovereign_State"
pEm(WFjeNI,Guinea,Guinea,,,Conakry,Conakry,,,,,"<img src=""ug-flag-guinea.svg"" />","Mali (red and&nbsp;green&nbsp;flipped, slightly brighter green)","Mali (Rot und Grün vertauscht, etwas helleres Grün)","<img src=""ug-map-guinea.png"" />","UG::Africa UG::Sovereign_State"
i|{O!q|&(,"New Zealand",Neuseeland,,,Wellington,Wellington,,,,,"<img src=""ug-flag-new_zealand.svg"" />","Australia (white stars, two more stars)","Australien (weiße Sterne, zwei weitere Sterne)","<img src=""ug-map-new_zealand.png"" />","UG::Oceania UG::Sovereign_State"
"j,B{#x5qDF","French Polynesia",Französisch-Polynesien,"Overseas territory of France.","Französisches Überseegebiet.",Papeete,Papeete,,,,,"<img src=""ug-flag-french_polynesia.svg"" />",,,"<img src=""ug-map-french_polynesia.png"" />",UG::Oceania
o9ivN6iIr!,Philippines,Philippinen,,,Manila,Manila,,,,,"<img src=""ug-flag-philippines.svg"" />",,,"<img src=""ug-map-philippines.png"" />","UG::Asia UG::Southeast_Asia UG::Sovereign_State"
"j=,1:f39$]","Galápagos Islands",Galapagosinseln,"Province of Ecuador.","Ecuadorianische Provinz.","Puerto Baquerizo Moreno","Puerto Baquerizo Moreno",,,,,"<img src=""ug-flag-galapagos_islands.svg"" />","Sierra Leone (slightly lighter blue)","Sierra Leone (etwas helleres Blau)","<img src=""ug-map-galapagos_islands.png"" />","UG::America UG::South_America"
jUJSQU2P%2,Kosovo,Kosovo,"Partially recognised state claimed by Serbia.","Teilweise anerkannt Staat, von Serbien beanspruchter.",Pristina,Pristina,,,,,"<img src=""ug-flag-kosovo.svg"" />",,,"<img src=""ug-map-kosovo.png"" />","UG::Europe UG::Sovereign_State"
h3-{dj)G!E,Libya,Libyen,,,Tripoli,Tripolis,,,,,"<img src=""ug-flag-libya.svg"" />",,,"<img src=""ug-map-libya.png"" />","UG::Africa UG::Mediterranean UG::Sovereign_State"
pB$g~KqI~-,Palau,Palau,,,Ngerulmud,Ngerulmud,,,,,"<img src=""ug-flag-palau.svg"" />",,,"<img src=""ug-map-palau.png"" />","UG::Oceania UG::Sovereign_State"
jQPANR0Yq9,"Saint Lucia","St Lucia",,,Castries,Castries,,,,,"<img src=""ug-flag-saint_lucia.svg"" />",,,"<img src=""ug-map-saint_lucia.png"" />","UG::America UG::Caribbean UG::Sovereign_State"
",LnVW8IL`",Bali,Bali,"Province of Indonesia.","Indonesische Provinz.",Denpasar,Denpasar,,,,,"<img src=""ug-flag-bali.png"" />",,,"<img src=""ug-map-bali.png"" />",UG::Asia
"dq,.Htg]>L",Grenada,Grenada,,,"St. George's","St. George's",,,,,"<img src=""ug-flag-grenada.svg"" />",,,"<img src=""ug-map-grenada.png"" />","UG::America UG::Caribbean UG::Sovereign_State"
~)7-62ytBX,Bonaire,Bonaire,"Special municipality of the Netherlands.","Besondere Gemeinde der Niederlande.",Kralendijk,Kralendijk,,,,,"<img src=""ug-flag-bonaire.svg"" />",,,"<img src=""ug-map-bonaire.png"" />","UG::America UG::Caribbean"
oDGbPPlkzc,"British Virgin Islands","Britische Jungferninseln","Overseas territory of the United Kingdom.","Britisches Überseegebiet.","Road Town","Road Town",,,,,"<img src=""ug-flag-british_virgin_islands.svg"" />",,,"<img src=""ug-map-british_virgin_islands.png"" />","UG::America UG::Caribbean"
ogLVp1-2mC,"Turks and Caicos Islands","Turks- und Caicosinseln","Overseas territory of the United Kingdom.","Auch Turks &amp; Caicos. Britisches Überseegebiet.","Cockburn Town","Cockburn Town",,,,,"<img src=""ug-flag-turks_and_caicos_islands.svg"" />",,,"<img src=""ug-map-turks_and_caicos_islands.png"" />","UG::America UG::Caribbean"
t8K|Gnw[k$,"Cayman Islands","Cayman Islands (Kaimaninseln)","Overseas territory of the United Kingdom.","Überseegebiet des Vereinigten Königreichs.","George Town","George Town",,,"Two-word country name",Zwei-Wort-Ländername,"<img src=""ug-flag-cayman_islands.svg"" />",,,"<img src=""ug-map-cayman_islands.png"" />","UG::America UG::Caribbean"
cy]sz097{A,Anguilla,Anguilla,"Overseas territory of the United Kingdom.","Britisches Überseegebiet.","The Valley","The Valley",,,,,"<img src=""ug-flag-anguilla.svg"" />",,,"<img src=""ug-map-anguilla.png"" />","UG::America UG::Caribbean"
"hz,n^64X%i",Azores,"Azoren (Habichtsinseln)","Autonomous region of Portugal.","Autonome Region von Portugal.","Ponta Delgada","Ponta Delgada",,,,,"<img src=""ug-flag-azores.svg"" />",,,"<img src=""ug-map-azores.png"" />",UG::Europe
"rHh8*,y.yc",Ceuta,Ceuta,"Autonomous city of Spain.","Autonome spanische Stadt.",,,,,,,"<img src=""ug-flag-ceuta.png"" />",,,"<img src=""ug-map-ceuta.png"" />",UG::Europe
k3]]2^DP1R,"Christmas Island",Weihnachtsinsel,"External territory of Australia.","Australisches Außengebiet.","Flying Fish Cove","Flying Fish Cove",,,,,"<img src=""ug-flag-christmas_island.svg"" />",,,"<img src=""ug-map-christmas_island.png"" />","UG::Asia UG::Southeast_Asia"
mMdbj-!g%k,Curaçao,Curaçao,"Constituent country of the Kingdom of the Netherlands.","Autonomes Land innerhalb des Königreichs der Niederlande.",Willemstad,Willemstad,,,,,"<img src=""ug-flag-curacao.svg"" />","Nauru (single star below yellow band)","Nauru (einzelner Stern unter gelbem Band)","<img src=""ug-map-curacao.png"" />","UG::America UG::Caribbean"
rNv|0qxR]K,"Easter Island",Osterinsel,"Polynesian island and special territory of Chile.","Polynesische Insel unter Chilenischer Regierung.",,,,,,,"<img src=""ug-flag-easter_island.svg"" />",,,"<img src=""ug-map-easter_island.png"" />",UG::Oceania
~F>Y6gVJay,"French Guiana",Französisch-Guayana,"Overseas department of France.","Französisches Überseegebiet.",Cayenne,Cayenne,,,,,,,,"<img src=""ug-map-french_guiana.png"" />","UG::America UG::South_America"
mHDrx]xo!x,Gibraltar,Gibraltar,"Overseas territory of the United Kingdom.","Britisches Überseegebiet.",Gibraltar,Gibraltar,,,,,"<img src=""ug-flag-gibraltar.svg"" />",,,"<img src=""ug-map-gibraltar.png"" />","UG::Europe UG::Mediterranean"
n#k%mr&bc-,Guernsey,Guernsey,"Crown dependency of the United Kingdom.","Kronbesitz der britischen Krone.","St. Peter Port","St. Peter Port",,,,,"<img src=""ug-flag-guernsey.svg"" />",,,"<img src=""ug-map-guernsey.png"" />",UG::Europe
"a_~PL,CWhU","Isle of Man","Isle of Man","Crown dependency of the United Kingdom.","Kronbesitz der britischen Krone.",Douglas,Douglas,,,,,"<img src=""ug-flag-isle_of_man.svg"" />",,,"<img src=""ug-map-isle_of_man.png"" />",UG::Europe
kq:]$sh13[,Jersey,Jersey,"Crown dependency of the United Kingdom.","Kronbesitz der britischen Krone.","Saint Helier","Saint Helier",,,,,"<img src=""ug-flag-jersey.svg"" />",,,"<img src=""ug-map-jersey.png"" />",UG::Europe
q{72>nP`an,Kiribati,Kiribati,,,"South Tarawa","South Tarawa",,,,,"<img src=""ug-flag-kiribati.svg"" />",,,"<img src=""ug-map-kiribati.png"" />","UG::Oceania UG::Sovereign_State"
k2lcDMRBT~,Macau,Macau,"Special Administrative Region of China.","Sonderverwaltungszone der Volksrepublik China.",,,,,,,"<img src=""ug-flag-macau.svg"" />",,,"<img src=""ug-map-macau.png"" />",UG::Asia
fKTU=+DKl],Madeira,"Autonome Region Madeira","Autonomous region of Portugal.","Autonome Region von Portugal.",Funchal,Funchal,,,,,"<img src=""ug-flag-madeira.svg"" />",,,"<img src=""ug-map-madeira.png"" />",UG::Europe
c]uN7LyVsp,"Marshall Islands",Marshallinseln,,,Majuro,Majuro,,,,,"<img src=""ug-flag-marshall_islands.svg"" />",,,"<img src=""ug-map-marshall_islands.png"" />","UG::Oceania UG::Sovereign_State"
d~3m`ihA*b,Melilla,Melilla,"Autonomous city of Spain","Autonome spanische Stadt.",,,,,,,"<img src=""ug-flag-melilla.png"" />",,,"<img src=""ug-map-melilla.png"" />",UG::Europe
iq7o#n0juD,Montserrat,Montserrat,"Overseas territory of the United Kingdom.","Überseegebiet des Vereinigten Königreichs.",Brades,Brades,"Eruptions in 1997 destroyed the capital city of Plymouth, making Brades the de facto capital.","Nach einer Reihe von Vulkanausbrüchen wurde die eigentliche Hauptstadt Plymouth 1997 aufgegeben und Brades zur de-facto-Hauptstadt.",,,"<img src=""ug-flag-montserrat.svg"" />",,,"<img src=""ug-map-montserrat.png"" />","UG::America UG::Caribbean"
t)z=hAWb]&,Nauru,Nauru,,,Yaren,Yaren,"Nauru has no official capital; the Yaren District is the de facto capital.","Nauru hat keine offizielle Hauptstadt; der Yaren District ist der Regierungssitz.",,,"<img src=""ug-flag-nauru.svg"" />","Curaçao (two stars in top-left corner)","Curacao (zwei Sterne in der oberen linken Ecke)","<img src=""ug-map-nauru.png"" />","UG::Oceania UG::Sovereign_State"
rVjI+Dj-jD,"New Caledonia",Neukaledonien,"Overseas territory of France.","Französische Überseegebiet.",Nouméa,Nouméa,,,,,"<img src=""ug-flag-new_caledonia.svg"" />",,,"<img src=""ug-map-new_caledonia.png"" />",UG::Oceania
i{AO.sDnO+,Niue,Niue,,,Alofi,Alofi,,,,,"<img src=""ug-flag-niue.svg"" />",,,"<img src=""ug-map-niue.png"" />","UG::Oceania UG::Sovereign_State"
nipI.lOoC;,"Norfolk Island",Norfolkinsel,"External territory of Australia.","Außengebiet von Australien.",Kingston,Kingston,,,Oceania,Ozeanien,"<img src=""ug-flag-norfolk_island.svg"" />",,,"<img src=""ug-map-norfolk_island.png"" />",UG::Oceania
"pv9EZFj)s,","Northern Cyprus",Nordzypern,"State recognised only by Turkey and claimed by Cyprus.","Staat nur von der Türkei anerkannt und von Zypern beansprucht.","North Nicosia",Nord-Nikosia,,,,,"<img src=""ug-flag-northern_cyprus.svg"" />",,,"<img src=""ug-map-northern_cyprus.png"" />","UG::Asia UG::Middle_East UG::Mediterranean UG::Sovereign_State"
i;=jdbhl(w,Saba,Saba,"Special municipality of the Netherlands.","Besondere Gemeinde der Niederlande.","The Bottom","The Bottom",,,,,"<img src=""ug-flag-saba.svg"" />",,,"<img src=""ug-map-saba.png"" />","UG::America UG::Caribbean"
~Dk{D{2gBH,"Saint Kitts and Nevis","St. Kitts und Nevis",,,Basseterre,Basseterre,,,"Sovereign country","Souveränes Land","<img src=""ug-flag-saint_kitts_and_nevis.svg"" />",,,"<img src=""ug-map-saint_kitts_and_nevis.png"" />","UG::America UG::Caribbean UG::Sovereign_State"
o7)=R+6P:L,Samoa,Samoa,,,Apia,Apia,,,,,"<img src=""ug-flag-samoa.svg"" />",,,"<img src=""ug-map-samoa.png"" />","UG::Oceania UG::Sovereign_State"
h{vf&a5Zk%,Somaliland,Somaliland,"Independent state claimed by Somalia.","Unabhängiger Staat, von Somalia beansprucht.",Hargeisa,Hargeysa,,,,,"<img src=""ug-flag-somaliland.svg"" />",,,"<img src=""ug-map-somaliland.png"" />","UG::Africa UG::Sovereign_State"
jngb)i9MvC,"South Sudan",Südsudan,,,Juba,Juba,,,,,"<img src=""ug-flag-south_sudan.svg"" />",,,"<img src=""ug-map-south_sudan.png"" />","UG::Africa UG::Sovereign_State"
bQvdKppvV7,Tuvalu,Tuvalu,,,Funafuti,Funafuti,,,,,"<img src=""ug-flag-tuvalu.svg"" />",,,"<img src=""ug-map-tuvalu.png"" />","UG::Oceania UG::Sovereign_State"
i)fP+$-+Ge,"United States Virgin Islands","Amerikanische Jungferninseln","Unincorporated territory of the United States.","Nichtinkorporiertes US-amerikanisches Außengebiet.","Charlotte Amalie","Charlotte Amalie",,,,,"<img src=""ug-flag-united_states_virgin_islands.svg"" />",,,"<img src=""ug-map-united_states_virgin_islands.png"" />","UG::America UG::Caribbean"
mCh>s18~IX,"Pitcairn Islands",Pitcairninseln,"Overseas territory of the United Kingdom.","Britisches Überseegebiet.",Adamstown,Adamstown,,,,,"<img src=""ug-flag-pitcairn_islands.svg"" />",,,"<img src=""ug-map-pitcairn_islands.png"" />",UG::Oceania
bHD8m}tJ&v,"Åland Islands",Åland,"Autonomous region of Finland.","Autonome Region Finnlands.
Auch Ålandinseln.",Mariehamn,Mariehamn,,,,,"<img src=""ug-flag-aland_islands.svg"" />",,,"<img src=""ug-map-aland_islands.png"" />",UG::Europe
mvNnHkGnVl,"Cocos (Keeling) Islands",Kokosinseln,"External territory of Australia.","Australisches Außengebiet.","West Island","West Island",,,,,"<img src=""ug-flag-cocos_islands.svg"" />",,,"<img src=""ug-map-cocos_islands.png"" />","UG::Asia UG::Southeast_Asia"
khTp#J9C!!,"Saint Helena","St. Helena","Part of Saint Helena, Ascension and Tristan da Cunha, an overseas territory of the United Kingdom.","Teil von St. Helena, Ascension und Tristan da Cunha, einem Überseegebiet des Vereinigten Königreichs.",Jamestown,Jamestown,,,,,"<img src=""ug-flag-saint_helena.png"" />",,,"<img src=""ug-map-saint_helena.png"" />",UG::Africa
r3?J{NB0J3,"Sint Eustatius","Sint Eustatius","Special municipality of the Netherlands.","Besondere Gemeinde der Niederlande.",Oranjestad,Oranjestad,,,"Special municipality","Besondere Gemeinde","<img src=""ug-flag-sint_eustatius.svg"" />",,,"<img src=""ug-map-sint_eustatius.png"" />","UG::America UG::Caribbean"
nE1cs;TFgo,"South Ossetia",Südossetien,"Independent state claimed by Georgia.","Unabhängiger Staat, von Georgien beansprucht.",Tskhinvali,Zchinwali,,,,,"<img src=""ug-flag-south_ossetia.svg"" />",,,"<img src=""ug-map-south_ossetia.png"" />","UG::Asia UG::Sovereign_State"
nN<IGBxnX.,Tokelau,Tokelau,"Dependent territory of New Zealand. Tokelau has no official capital; the meeting place of the Tokelau Council rotates annually.","Von Neuseeland abhängiges Gebiet. Tokelau hat keine offizielle Hauptstadt; der Treffpunkt des Tokelauer Rates wechselt jährlich.",,,,,,,"<img src=""ug-flag-tokelau.svg"" />",,,"<img src=""ug-map-tokelau.png"" />",UG::Oceania
lU*>%[&e|.,"American Samoa",Amerikanisch-Samoa,"Unincorporated territory of the United States.","Nichtinkorporiertes US-amerikanisches Außengebiet.","Pago Pago","Pago Pago",,,,,"<img src=""ug-flag-american_samoa.svg"" />",,,"<img src=""ug-map-american_samoa.png"" />",UG::Oceania
nK;HFcd-1P,"Northern Mariana Islands","Nördliche Marianen","Unincorporated territory of the United States.","Nichtinkorporiertes US-amerikanisches Außengebiet.",Saipan,Saipan,,,,,"<img src=""ug-flag-northern_mariana_islands.svg"" />",,,"<img src=""ug-map-northern_mariana_islands.png"" />",UG::Oceania
s7{M&?)+C&,Aruba,Aruba,"Constituent country of the Kingdom of the Netherlands.","Autonomes Land innerhalb des Königreichs der Niederlande.",Oranjestad,Oranjestad,,,"Constituent country",,"<img src=""ug-flag-aruba.svg"" />",,,"<img src=""ug-map-aruba.png"" />","UG::America UG::Caribbean"
q@4oQPt%lt,Abkhazia,Abchasien,"Independent state claimed by Georgia.","Unabhängiger Staat, der von Georgien beansprucht wird.",Sukhumi,Sochumi,,,,,"<img src=""ug-flag-abkhazia.svg"" />",,,"<img src=""ug-map-abkhazia.png"" />","UG::Europe UG::Sovereign_State"
~Z$*giAq2R,"Sint Maarten","Sint Maarten","Constituent country of the Kingdom of the Netherlands.","Autonomes Land innerhalb des Königreichs der Niederlande.",Philipsburg,Philipsburg,,,,,"<img src=""ug-flag-sint_maarten.svg"" />",,,"<img src=""ug-map-sint_maarten.png"" />","UG::America UG::Caribbean"
c!s:Fj2c:e,Artsakh,"Republik Arzach","Independent state claimed by Azerbaijan, formerly known as Nagorno-Karabakh.","Unabhängiger Staat, von Aserbaidschan beansprucht und früher bekannt als Republik Bergkarabach.",Stepanakert,Stepanakert,,,,,"<img src=""ug-flag-artsakh.svg"" />",,,"<img src=""ug-map-artsakh.png"" />","UG::Asia UG::Sovereign_State"
aFoG$7c-N0,Tonga,Tonga,,,Nuku'alofa,Nuku'alofa,,,,,"<img src=""ug-flag-tonga.svg"" />",,,"<img src=""ug-map-tonga.png"" />","UG::Oceania UG::Sovereign_State"
r;-09<YGl$,Transnistria,Transnistrien,"Independent state claimed by Moldova.","Unabhängiger Staat, von Republik Moldau (Moldawien) beansprucht.",Tiraspol,Tiraspol,,,,,"<img src=""ug-flag-transnistria.svg"" />",,,"<img src=""ug-map-transnistria.png"" />","UG::Europe UG::Sovereign_State"
h/)!YCH&na,Sardinia,Sardinien,"Autonomous region of Italy.","Autonome Region Italiens.",Cagliari,Cagliari,,,,,"<img src=""ug-flag-sardinia.svg"" />",,,"<img src=""ug-map-sardinia.jpg"" />",UG::Europe
b&sLa#a&vn,"Kaliningrad Oblast","Oblast Kaliningrad","State (oblast) of the Russian Federation.","Oblast der Russischen Föderation.",Kaliningrad,Kaliningrad,,,,,"<img src=""ug-flag-kaliningrad_oblast.svg"" />",,,"<img src=""ug-map-kaliningrad_oblast.jpg"" />",UG::Europe
sxF2<dV=;U,Martinique,Martinique,"Overseas department of France.","Übersee-Département Frankreichs.",Fort-de-France,Fort-de-France,,,,,,,,"<img src=""ug-map-martinique.png"" />","UG::America UG::Caribbean"
e(0+:Olb[9,Java,Java,"Island of Indonesia.","Insel von Indonesien.",,,,,,,,,,"<img src=""ug-map-java.png"" />",UG::Asia
2N$NqX&k.,Corsica,Korsika,"Region of France.","Gebietskörperschaft Frankreichs.",,Ajaccio,,,,,"<img src=""ug-flag-corsica.svg"" />",,,"<img src=""ug-map-corsica.jpg"" />",UG::Europe
z47ZI4{%6m,"European Union","Europäische Union",,,,,,,,,"<img src=""ug-flag-european_union.svg"" />",,,"<img src=""ug-map-european_union.png"" />",UG::Europe
H=>r?{J3T>,"Gulf of Mexico","Golf von Mexiko",,,,,,,,,,,,"<img src=""ug-map-gulf_of_mexico.jpg"" />",UG::Oceans+Seas
EvBBgdOH>L,"Philippine Sea",Philippinensee,,,,,,,,,,,,"<img src=""ug-map-philippine_sea.jpg"" />",UG::Oceans+Seas
J>%}8KJ$/P,"Southern Ocean","Südlicher Ozean",,,,,,,,,,,,"<img src=""ug-map-southern_ocean.jpg"" />",UG::Oceans+Seas
p[VL?c~DNl,"Gulf of Thailand","Golf von Thailand",,,,,,,,,,,,"<img src=""ug-map-gulf_of_thailand.jpg"" />",UG::Oceans+Seas
a7n-YbtFyN,Micronesia,Mikronesien,"Subregion of Oceania comprising thousands of small islands in the western Pacific Ocean.","Teilregion von Ozeanien bestehend über 2000 tropischen Inseln und Atollen im westlichen Pazifik.",,,,,,,,,,"<img src=""ug-map-micronesia.jpg"" />",UG::Oceania
dq|xYN)MGZ,"Pacific Ocean","Pazifischer Ozean",,"Auch Pazifik.",,,,,,,,,,"<img src=""ug-map-pacific_ocean.png"" />",UG::Oceans+Seas
l6?c8ziNbK,"Atlantic Ocean","Atlantischer Ozean",,"Auch Atlantik.",,,,,,,,,,"<img src=""ug-map-atlantic_ocean.png"" />",UG::Oceans+Seas
d]f3d/htPe,"Indian Ocean","Indischer Ozean",,,,,,,,,,,,"<img src=""ug-map-indian_ocean.png"" />",UG::Oceans+Seas
"e+b<[K.t,Y","Arctic Ocean","Arktischer Ozean",,"Auch Nordpolarmeer, nördliches Eismeer, Arktische See oder Arktik.",,,,,,,,,,"<img src=""ug-map-arctic_ocean.png"" />",UG::Oceans+Seas
q;`%:Y|$[Z,"Hudson Bay","Hudson Bay",,,,,,,,,,,,"<img src=""ug-map-hudson_bay.jpg"" />",UG::Oceans+Seas
bX?b@#G`+b,"Labrador Sea",Labradorsee,,,,,,,,,,,,"<img src=""ug-map-labrador_sea.jpg"" />",UG::Oceans+Seas
a)/A6i.IDE,"White Sea","Weißes Meer",,"Auch Weißmeer.",,,,,,,,,,"<img src=""ug-map-white_sea.jpg"" />",UG::Oceans+Seas
c<gAS-(0qJ,"Denmark Strait",Dänemarkstraße,,,,,,,,,,,,"<img src=""ug-map-denmark_strait.png"" />",UG::Oceans+Seas
j1yLgdVnj),"Norwegian Sea","Europäisches Nordmeer",,"Auch Norwegische See/Meer.",,,,,,,,,,"<img src=""ug-map-norwegian_sea.png"" />",UG::Oceans+Seas
c130}t)$BS,"Baltic Sea",Ostsee,,"Auch Baltisches Meer.",,,,,,,,,,"<img src=""ug-map-baltic_sea.png"" />",UG::Oceans+Seas
Cc2l|nvbk^,"Celtic Sea","Keltische See",,,,,,,,,,,,"<img src=""ug-map-celtic_sea.png"" />",UG::Oceans+Seas
oa;|#Te:Ae,"English Channel",Ärmelkanal,,,,,,,,,,,,"<img src=""ug-map-english_channel.jpg"" />",UG::Oceans+Seas
w{s0UWM|x@,"Adriatic Sea","Adriatisches Meer",,,,,,,,,,,,"<img src=""ug-map-adriatic_sea.jpg"" />",UG::Oceans+Seas
FqKy-)oA4;,"Bay of Biscay",Biskaya,,"Auch Golf von Biskaya.",,,,,,,,,,"<img src=""ug-map-bay_of_biscay.jpg"" />",UG::Oceans+Seas
cGtK7?SaPc,"Black Sea","Schwarzes Meer",,,,,,,,,,,,"<img src=""ug-map-black_sea.jpg"" />",UG::Oceans+Seas
g%pc9WITZo,"Aegean Sea","Ägäisches Meer",,"Auch Ägäis.",,,,,,,,,,"<img src=""ug-map-aegean_sea.jpg"" />",UG::Oceans+Seas
x[Kzpy@s~;,"Balkan Peninsula",Balkanhalbinsel,,"Auch Balkan.",,,,,,,,,,"<img src=""ug-map-balkan_peninsula.png"" />",UG::Europe
vbL}V{98ON,"Caspian Sea","Kaspisches Meer",,"Auch Kaspisee.",,,,,,,,,,"<img src=""ug-map-caspian_sea.jpg"" />",UG::Oceans+Seas
EZtX|@m?Q2,"Mediterranean Sea",Mittelmeer,,,,,,,,,,,,"<img src=""ug-map-mediterranean_sea.jpg"" />",UG::Oceans+Seas
e@@^AV+dAM,"East Siberian Sea","Ostsibirische See",,,,,,,,,,,,"<img src=""ug-map-east_siberian_sea.jpg"" />",UG::Oceans+Seas
HmoM231Qq$,"Bering Strait",Beringstraße,,,,,,,,,,,,"<img src=""ug-map-bering_strait.jpg"" />",UG::Oceans+Seas
poPdjd5HLz,"Arabian Sea","Arabisches Meer",,,,,,,,,,,,"<img src=""ug-map-arabian_sea.jpg"" />",UG::Oceans+Seas
zEBFrOdfe,"Red Sea","Rotes Meer",,,,,,,,,,,,"<img src=""ug-map-red_sea.jpg"" />",UG::Oceans+Seas
zw5tXg<s5&,"Dead Sea","Totes Meer",,,,,,,,,,,,"<img src=""ug-map-dead_sea.png"" />",UG::Oceans+Seas
xwmKE4lE_0,"Bay of Bengal","Golf von Bengalen",,,,,,,,,,,,"<img src=""ug-map-bay_of_bengal.jpg"" />",UG::Oceans+Seas
bK<rY$S^s5,"Sea of Japan","Japanisches Meer","A naming dispute exists between the sea's bordering countries, with South Korea notably supporting the name East Sea.","Zwischen den Anrainerstaaten des Meeres besteht ein Namensstreit, wobei Südkorea den Namen Ostmeer besonders unterstützt.",,,,,,,,,,"<img src=""ug-map-sea_of_japan.jpg"" />",UG::Oceans+Seas
Je-`m3(~QF,"Yellow Sea","Gelbes Meer",,,,,,,,,,,,"<img src=""ug-map-yellow_sea.jpg"" />",UG::Oceans+Seas
qJ+i|:p<>`,"Coral Sea",Korallenmeer,,,,,,,,,,,,"<img src=""ug-map-coral_sea.jpg"" />",UG::Oceans+Seas
rl6`!_=m$t,"South China Sea","Südchinesisches Meer",,,,,,,,,,,,"<img src=""ug-map-south_china_sea.jpg"" />",UG::Oceans+Seas
"c,*wl;9I]m","Tasman Sea",Tasmansee,,,,,,,,,,,,"<img src=""ug-map-tasman_sea.jpg"" />",UG::Oceans+Seas
n?X[ih%==F,"Gulf of Carpentaria","Golf von Carpentaria",,,,,,,,,,,,"<img src=""ug-map-gulf_of_carpentaria.jpg"" />",UG::Oceans+Seas
oU3q~Y:QR;,"Aral Sea",Aralsee,,,,,,,,,,,,"<img src=""ug-map-aral_sea.jpg"" />",UG::Oceans+Seas
KlJJ`wS@RY,"Persian Gulf","Persischer Golf",,"Auch Arabischer Golf.",,,,,,,,,,"<img src=""ug-map-persian_gulf.jpg"" />",UG::Oceans+Seas
h|7yQG0Wik,"Caribbean Sea","Karibisches Meer",,,,,,,,,,,,"<img src=""ug-map-caribbean_sea.jpg"" />",UG::Oceans+Seas
:XMC{NXgC,"Gulf of California","Golf von Kalifornien",,,,,,,,,,,,"<img src=""ug-map-gulf_of_california.jpg"" />",UG::Oceans+Seas
beUci8clxs,Polynesia,Polynesien,"Subregion of Oceania comprising thousands of small islands in the central and southern Pacific Ocean.","Größte Inselregion Ozeaniens.",,,,,,,,,,"<img src=""ug-map-polynesia.png"" />",UG::Oceania
miE4u575Ez,Melanesia,Melanesien,"Subregion of Oceania, which includes the four countries of&nbsp;Vanuatu, the Solomon Islands, Fiji, and Papua New Guinea.","Teilregion von Ozeanien, zu der die vier Staaten Vanuatu, Salomonen, Fidschi und Papua-Neuguinea gehören.",,,,,,,,,,"<img src=""ug-map-melanesia.jpg"" />",UG::Oceania
FQfLvMyzbT,Scandinavia,Skandinavien,"Historical and cultural region in Northern Europe, which includes the countries of Denmark, Norway and Sweden, and sometimes Finland and Iceland.","Historische und kulturelle Region in Nordeuropa, die die Länder Dänemark, Norwegen und Schweden und manchmal Finnland und Island umfasst.",,,,,,,,,,"<img src=""ug-map-scandinavia.jpg"" />",UG::Europe
O[YhHW&F>+,"Sea of Galilee","See Genezareth",,,,,,,,,,,,"<img src=""ug-map-sea_of_galilee.png"" />",UG::Oceans+Seas
"aWfat2,ev[",Sumatra,Sumatra,"Island of&nbsp;Indonesia.","Indonesische Insel.",,,,,,,,,,"<img src=""ug-map-sumatra.jpg"" />",UG::Asia
qAsU}ONgC#,"Mount Athos",Athos,"Autonomous orthodox monastic state in northeastern Greece, also known as the Holy Mountain.","Autonomer orthodoxer Klosterstaat im Nordosten Griechenlands, auch bekannt als „Heilige Berg“.",Karyes,Karyes,,,,,"<img src=""ug-flag-mount_athos.png"" />",,,"<img src=""ug-map-mount_athos.png"" />",UG::Europe
lIEV|(|pPu,Sicily,Sizilien,"Autonomous region of Italy.","Autonome Region Italiens.",Palermo,Palermo,,,,,"<img src=""ug-flag-sicily.svg"" />",,,,UG::Europe
v2Z)BIAnoM,Mayotte,Mayotte,"Overseas department of France.","Übersee-Département Frankreichs.",Mamoudzou,Mamoudzou,,,,,,,,"<img src=""ug-map-mayotte.png"" />",UG::Africa
t3VhRfcBZs,Réunion,"La Réunion","Overseas department of France.","Übersee-Département Frankreichs",Saint-Denis,Saint-Denis,,,,,,,,"<img src=""ug-map-reunion.png"" />",UG::Africa
ArmciP%a;a,"British Indian Ocean Territory","Britisches Territorium im Indischen Ozean","Overseas territory of the United Kingdom.","Britisches Überseegebiet.","Camp Justice",London,,,,,"<img src=""ug-flag-british_indian_ocean_territory.svg"" />",,,"<img src=""ug-map-british_indian_ocean_territory.png"" />",UG::Africa
UkP!tU%r),"Falkland Islands",Falklandinseln,"Overseas territory of the United Kingdom.","Britisches Überseegebiet.",Stanley,Stanley,,,,,"<img src=""ug-flag-falkland_islands.svg"" />",,,"<img src=""ug-map-falkland_islands.png"" />","UG::America UG::South_America"
m_r)&~O1}o,Europe,Europa,,,,,,,,,,,,"<img src=""ug-map-europe.png"" />",UG::Continents
~(x;GNezDa,"North America",Nordamerika,,,,,,,,,,,,"<img src=""ug-map-north_america.png"" />",UG::Continents
J0Tm]%4@bZ,"South America",Südamerika,,,,,,,,,,,,"<img src=""ug-map-south_america.png"" />",UG::Continents
"OXQI~iZ_,i",Asia,Asien,,,,,,,,,,,,"<img src=""ug-map-asia.png"" />",UG::Continents
n84^2BdKL%,Africa,Afrika,,,,,,,,,,,,"<img src=""ug-map-africa.png"" />",UG::Continents
o*2%L86y|t,"Australia (Oceania)","Australien (Ozeanien)",,,,,,,,,,,,"<img src=""ug-map-oceania.png"" />",UG::Continents
7R0>xXtI),Antarctica,Antarktis,,,,,,,,,,,,"<img src=""ug-map-antarctica.png"" />",UG::Continents
