country,country:de,country:es,country:fr,country:nb,country:cs,country:ru,country:nl,country:sv,country:pt,country:zh,country:zh-tw,country:pl,country:it,country:da
England,England,Inglaterra,Angleterre,England,Anglie,Англия,Engeland,England,Inglaterra,英格兰(England),英格蘭 (England),Anglia,Inghilterra,England
Scotland,Schottland,Escocia,Écosse,Skottland,Skotsko,Шотландия,Schotland,Skottland,Escócia,苏格兰(Scotland),蘇格蘭 (Scotland),Szkocja,Scozia,Skotland
United Kingdom,Vereinigtes Königreich,Reino Unido,Royaume-Uni,Storbritannia,Spojené království,Великобритания,Verenigd Koninkrijk,Storbritannien,Reino Unido,英国(United Kingdom),英國 (United Kingdom),Wielka Brytania,Regno Unito,Storbritannien
Northern Ireland,Nordirland,Irlanda del Norte,Irlande du Nord,Nord-Irland,Severní Irsko,Северная Ирландия,Noord-Ierland,Nordirland,Irlanda do Norte,北爱尔兰(Northern Ireland),北愛爾蘭 (Northern Ireland),Irlandia Północna,Irlanda del Nord,Nordirland
France,Frankreich,Francia,France,Frankrike,Francie,Франция,Frankrijk,Frankrike,França,法国(France),法國 (France),Francja,Francia,Frankrig
Wales,Wales,Gales,Pays de Galles,Wales,Wales,Уэльс,Wales,Wales,País de Gales,威尔士(Wales),威爾斯 (Wales),Walia,Galles,Wales
Georgia,Georgien,Georgia,Géorgie,Georgia,Gruzie,Грузия,Georgië,Georgien,Geórgia,格鲁吉亚(Georgia),喬治亞 (Georgia),Gruzja,Georgia,Georgien
Germany,Deutschland,Alemania,Allemagne,Tyskland,Německo,Германия,Duitsland,Tyskland,Alemanha,德国(Germany),格國 (Germany),Niemcy,Germania,Tyskland
Greece,Griechenland,Grecia,Grèce,Hellas,Řecko,Греция,Griekenland,Grekland,Grécia,希腊(Greece),希臘 (Greece),Grecja,Grecia,Grækenland
Greenland,Grönland,Groenlandia,Groenland,Grønland,Grónsko,Гренландия,Groenland,Grönland,Groenlândia,格陵兰(Greenland),格陵蘭 (Greenland),Grenlandia,Groenlandia,Grønland
Hungary,Ungarn,Hungría,Hongrie,Ungarn,Maďarsko,Венгрия,Hongarije,Ungern,Hungria,匈牙利(Hungary),匈牙利 (Hungary),Węgry,Ungheria,Ungarn
Albania,Albanien,Albania,Albanie,Albania,Albánie,Албания,Albanië,Albanien,Albânia,阿尔巴尼亚(Albania),阿爾巴尼亞 (Albania),Albania,Albania,Albanien
Andorra,Andorra,Andorra,Andorre,Andorra,Andorra,Андорра,Andorra,Andorra,Andorra,安道尔(Andorra),安道爾 (Andorra),Andora,Andorra,Andorra
Austria,Österreich,Austria,Autriche,Østerrike,Rakousko,Австрия,Oostenrijk,Österrike,Áustria,奥地利(Austria),奧地利 (Austria),Austria,Austria,Østrig
Azerbaijan,Aserbaidschan,Azerbaiyán,Azerbaïdjan,Aserbajdsjan,Ázerbájdžán,Азербайджан,Azerbeidzjan,Azerbajdzjan,Azerbaijão,阿塞拜疆(Azerbaijan),亞塞拜然 (Azerbaijan),Azerbejdżan,Azerbaigian,Aserbajdsjan
Belarus,Belarus,Bielorrusia,Biélorussie,Belarus,Bělorusko,Беларусь,Wit-Rusland,Belarus,Bielorrúsia,白俄罗斯(Belarus),白俄羅斯 (Belarus),Białoruś,Bielorussia,Belarus
Belgium,Belgien,Bélgica,Belgique,Belgia,Belgie,Бельгия,België,Belgien,Bélgica,比利时(Belgium),比利時 (Belgium),Belgia,Belgio,Belgien
Bosnia and Herzegovina,Bosnien und Herzegowina,Bosnia y Herzegovina,Bosnie-Herzégovine,Bosnia-Hercegovina,Bosna a Hercegovina,Босния и Герцеговина,Bosnië en Herzegovina,Bosnien och Hercegovina,Bósnia e Herzegovina,波斯尼亚和黑塞哥维那(Bosnia and Herzegovina)，简称“波黑”,波士尼亞與赫塞哥維納 (Bosnia and Herzegovina),Bośnia i Hercegowina,Bosnia ed Erzegovina,Bosnien-Hercegovina
Bulgaria,Bulgarien,Bulgaria,Bulgarie,Bulgaria,Bulharsko,Болгария,Bulgarije,Bulgarien,Bulgária,保加利亚(Bulgaria),保加利亞 (Bulgaria),Bułgaria,Bulgaria,Bulgarien
Croatia,Kroatien,Croacia,Croatie,Kroatia,Chorvatsko,Хорватия,Kroatië,Kroatien,Croácia,克罗地亚(Croatia),克羅埃西亞 (Croatia),Chorwacja,Croazia,Kroatien
Czech Republic,Tschechien,República Checa,Tchéquie,Tsjekkia,Česko,Чешская Республика,Tsjechië,Tjeckien,"Tchéquia (BR), Chéquia (PT)",捷克共和国(Czech Republic),捷克 (Czech Republic),Czechy,Repubblica Ceca,Tjekkiet
Denmark,Dänemark,Dinamarca,Danemark,Danmark,Dánsko,Дания,Denemarken,Danmark,Dinamarca,丹麦(Denmark),丹麥 (Denmark),Dania,Danimarca,Danmark
Estonia,Estland,Estonia,Estonie,Estland,Estonsko,Эстония,Estland,Estland,"Estônia (BR), Estónia (PT)",爱沙尼亚(Estonia),愛沙尼亞 (Estonia),Estonia,Estonia,Estland
Faroe Islands,Färöer,Islas Feroe,Îles Féroé,Færøyene,Faerské ostrovy,Фарерские острова,Faeröer,Färöarna,Ilhas Faroé,法罗群岛(Faroe Islands),法羅群島 (Faroe Islands),Wyspy Owcze,Fær Øer,Færøerne
Finland,Finnland,Finlandia,Finlande,Finland,Finsko,Финляндия,Finland,Finland,Finlândia,芬兰(Finland),芬蘭 (Finland),Finlandia,Finlandia,Finland
Iceland,Island,Islandia,Islande,Island,Island,Исландия,IJsland,Island,Islândia,冰岛(Iceland),冰島 (Iceland),Islandia,Islanda,Island
Ireland,Irland,Irlanda,Irlande,Irland,Irsko,Ирландия,Ierland,Irland,Irlanda,爱尔兰(Ireland),愛爾蘭 (Ireland),Irlandia,Irlanda,Irland
Italy,Italien,Italia,Italie,Italia,Itálie,Италия,Italië,Italien,Itália,意大利(Italy),義大利 (Italy),Włochy,Italia,Italien
Latvia,Lettland,Letonia,Lettonie,Latvia,Lotyšsko,Латвия,Letland,Lettland,"Letônia (BR), Letónia (PT)",拉脱维亚(Latvia),拉脫維亞 (Latvia),Łotwa,Lettonia,Letland
Liechtenstein,Liechtenstein,Liechtenstein,Liechtenstein,Liechtenstein,Lichtenštejnsko,Лихтенштейн,Liechtenstein,Liechtenstein,Liechtenstein,列支敦士登(Liechtenstein),列支敦斯登 (Liechtenstein),Liechtenstein,Liechtenstein,Liechtenstein
Lithuania,Litauen,Lituania,Lituanie,Litauen,Litva,Литва,Litouwen,Litauen,Lituânia,立陶宛(Lithuania),立陶宛 (Lithuania),Litwa,Lituania,Litauen
Luxembourg,Luxemburg,Luxemburgo,Luxembourg,Luxembourg,Lucembursko,Люксембург,Luxemburg,Luxemburg,Luxemburgo,卢森堡(Luxembourg),盧森堡 (Luxembourg),Luksemburg,Lussemburgo,Luxembourg
North Macedonia,Nordmazedonien,Macedonia del Norte,Macédoine du Nord,Nord-Makedonia,Severní Makedonie,Северная Македония,Noord-Macedonië,Nordmakedonien,"Macedônia do Norte (BR), Macedónia do Norte (PT)",北马其顿(North Macedonia),北馬其頓 (North Macedonia),Macedonia Północna,Macedonia del Nord,Nordmakedonien
Malta,Malta,Malta,Malte,Malta,Malta,Мальта,Malta,Malta,Malta,马耳他(Malta),馬爾他 (Malta),Malta,Malta,Malta
Moldova,Republik Moldau,Moldavia,Moldavie,Moldova,Moldavsko,Молдова,Moldavië,Moldavien,Moldávia,摩尔多瓦(Moldova),摩爾多瓦 (Moldova),Mołdawia,Moldavia,Moldova
Monaco,Monaco,Mónaco,Monaco,Monaco,Monako,Монако,Monaco,Monaco,"Mônaco (BR), Mónaco (PT)",摩纳哥(Monaco),摩納哥 (Monaco),Monako,Principato di Monaco,Monaco
Montenegro,Montenegro,Montenegro,Monténégro,Montenegro,Černá Hora,Черногория,Montenegro,Montenegro,Montenegro,黑山(Montenegro),蒙特內哥羅 (Montenegro),Czarnogóra,Montenegro,Montenegro
Netherlands,Niederlande,Países Bajos,Pays-Bas,Nederland,Nizozemsko,Нидерланды,Nederland,Nederländerna,Países Baixos,荷兰(Netherlands),荷蘭 (Netherlands),Holandia,Paesi Bassi,Nederlandene
Norway,Norwegen,Noruega,Norvège,Norge,Norsko,Норвегия,Noorwegen,Norge,Noruega,挪威(Norway),挪威 (Norway),Norwegia,Norvegia,Norge
Poland,Polen,Polonia,Pologne,Polen,Polsko,Польша,Polen,Polen,"Polônia (BR), Polónia (PT)",波兰(Poland),波蘭 (Poland),Polska,Polonia,Polen
Portugal,Portugal,Portugal,Portugal,Portugal,Portugalsko,Португалия,Portugal,Portugal,Portugal,葡萄牙(Portugal),葡萄牙 (Portugal),Portugalia,Portogallo,Portugal
Romania,Rumänien,Rumania,Roumanie,Romania,Rumunsko,Румыния,Roemenië,Rumänien,"Romênia (BR), Roménia (PT)",罗马尼亚(Romania),羅馬尼亞 (Romania),Rumunia,Romania,Rumænien
Russia,Russland,Rusia,Russie,Russland,Rusko,Россия,Rusland,Ryssland,Rússia,俄罗斯(Russia),俄羅斯 (Russia),Rosja,Russia,Rusland
San Marino,San Marino,San Marino,Saint-Marin,San Marino,San Marino,Сан-Марино,San Marino,San Marino,São Marinho,圣马力诺(San Marino),聖馬利諾 (San Marino),San Marino,San Marino,San Marino
Serbia,Serbien,Serbia,Serbie,Serbia,Srbsko,Сербия,Servië,Serbien,Sérvia,塞尔维亚(Serbia),塞爾維亞 (Serbia),Serbia,Serbia,Serbien
Slovakia,Slowakei,Eslovaquia,Slovaquie,Slovakia,Slovensko,Словакия,Slowakije,Slovakien,Eslováquia,斯洛伐克(Slovakia),斯洛伐克 (Slovakia),Słowacja,Slovacchia,Slovakiet
Slovenia,Slowenien,Eslovenia,Slovénie,Slovenia,Slovinsko,Словения,Slovenië,Slovenien,"Eslovênia (BR), Eslovénia (PT)",斯洛文尼亚(Slovenia),斯洛維尼亞 (Slovenia),Słowenia,Slovenia,Slovenien
Spain,Spanien,España,Espagne,Spania,Španělsko,Испания,Spanje,Spanien,Espanha,西班牙(Spain),西班牙 (Spain),Hiszpania,Spagna,Spanien
Sweden,Schweden,Suecia,Suède,Sverige,Švédsko,Швеция,Zweden,Sverige,Suécia,瑞典(Sweden),瑞典 (Sweden),Szwecja,Svezia,Sverige
Switzerland,Schweiz,Suiza,Suisse,Sveits,Švýcarsko,Швейцария,Zwitserland,Schweiz,Suíca,瑞士(Switzerland),瑞士 (Switzerland),Szwajcaria,Svizzera,Schweiz
Turkey,Türkei,Turquía,Turquie,Tyrkia,Turecko,Турция,Turkije,Turkiet,Turquia,土耳其(Turkey),土耳其 (Turkey),Turcja,Turchia,Tyrkiet
Ukraine,Ukraine,Ucrania,Ukraine,Ukraina,Ukrajina,Украина,Oekraïne,Ukraina,Ucrânia,乌克兰(Ukraine),烏克蘭 (Ukraine),Ukraina,Ucraina,Ukraine
Vatican City,Vatikanstadt,Ciudad del Vaticano,Vatican,Vatikanstaten,Vatikán,Ватикан,Vaticaanstad,Vatikanstaten,Vaticano,梵蒂冈(Vatican City),梵蒂岡 (Vatican City),Watykan,Città del Vaticano,Vatikanstaten
Armenia,Armenien,Armenia,Arménie,Armenia,Arménie,Армения,Armenië,Armenien,"Armênia (BR), Arménia (PT)",亚美尼亚(Armenia),亞美尼亞 (Armenia),Armenia,Armenia,Armenien
Cyprus,Republik Zypern,Chipre,Chypre,Kypros,Kypr,Кипр,Cyprus,Cypern,Chipre,塞浦路斯(Cyprus),賽普勒斯 (Cyprus),Cypr,Cipro,Cypern
Kazakhstan,Kasachstan,Kazajistán,Kazakhstan,Kasakhstan,Kazachstán,Казахстан,Kazachstan,Kazakstan,Cazaquistão,哈萨克斯坦(Kazakhstan),哈薩克 (Kazakhstan),Kazachstan,Kazakistan,Kasakhstan
Egypt,Ägypten,Egipto,Égypte,Egypt,Egypt,Египет,Egypte,Egypten,"Egito (BR), Egipto (PT)",埃及(Egypt),埃及 (Egypt),Egipt,Egitto,Ægypten
Algeria,Algerien,Argelia,Algérie,Algerie,Alžírsko,Алжир,Algerije,Algeriet,Argélia,阿尔及利亚(Algeria),阿爾巴尼亞 (Algeria),Algieria,Algeria,Algeriet
Angola,Angola,Angola,Angola,Angola,Angola,Ангола,Angola,Angola,Angola,安哥拉(Angola),安哥拉 (Angola),Angola,Angola,Angola
Benin,Benin,Benín,Bénin,Benin,Benin,Бенин,Benin,Benin,Benim,贝宁(Benin),貝南 (Benin),Benin,Benin,Benin
Botswana,Botswana,Botsuana,Botswana,Botswana,Botswana,Ботсвана,Botswana,Botswana,Botsuana,博茨瓦纳(Botswana),波札那 (Botswana),Botswana,Botswana,Botswana
Burkina Faso,Burkina Faso,Burkina Faso,Burkina Faso,Burkina Faso,Burkina Faso,Буркина-Фасо,Burkina Faso,Burkina Faso,Burquina Fasso,布基纳法索(Burkina Faso),布吉納法索 (Burkina Faso),Burkina Faso,Burkina Faso,Burkina Faso
Cameroon,Kamerun,Camerún,Cameroun,Kamerun,Kamerun,Камерун,Kameroen,Kamerun,Camarões,喀麦隆(Cameroon),喀麥隆共和國 (Cameroon),Kamerun,Camerun,Cameroun
Burundi,Burundi,Burundi,Burundi,Burundi,Burundi,Бурунди,Burundi,Burundi,Burundi,布隆迪(Burundi),蒲隆地共和國 (Burundi),Burundi,Burundi,Burundi
Cape Verde,Kap Verde,Cabo Verde,Cap-Vert,Kapp Verde,Kapverdy,Кабо-Верде,Kaapverdië,Kap Verde,Cabo Verde,佛得角(Cape Verde),維德角共和國 (Cape Verde),Republika Zielonego Przylądka,Capo Verde,Kap Verde
São Tomé and Príncipe,São Tomé und Príncipe,Santo Tomé y Príncipe,Sao Tomé-et-Principe,São Tomé og Príncipe,Svatý Tomáš a Princův ostrov,Сан-Томе и Принсипи,Sao Tomé en Principe,São Tomé och Príncipe,São Tomé e Príncipe,圣多美和普林西比(São Tomé and Príncipe),聖多美普林西比民主共和國 (São Tomé and Príncipe),Wyspy Świętego Tomasza i Książęca,São Tomé e Príncipe,São Tomé og Príncipe
Central African Republic,Zentralafrikanische Republik,República Centroafricana,République centrafricaine,Den sentralafrikanske republikk,Středoafrická republika,Центральноафриканская Республика,Centraal-Afrikaanse Republiek,Centralafrikanska republiken,República Centro-Africana,中非共和国(Central African Republic),中非共和國 (Central African Republic),Republika Środkowoafrykańska,Repubblica Centrafricana,Den Centralafrikanske Republik
Chad,Tschad,Chad,Tchad,Tsjad,Čad,Чад,Tsjaad,Tchad,Chade,乍得(Chad),查德 (Chad),Czad,Ciad,Tchad
Equatorial Guinea,Äquatorialguinea,Guinea Ecuatorial,Guinée équatoriale,Ekvatorial-Guinea,Rovníková Guinea,Экваториальная Гвинея,Equatoriaal-Guinea,Ekvatorialguinea,Guiné Equatorial,赤道几内亚(Equatorial Guinea),赤道幾內亞 (Equatorial Guinea),Gwinea Równikowa,Guinea Equatoriale,Ækvatorialguinea
Kenya,Kenia,Kenia,Kenya,Kenya,Keňa,Кения,Kenia,Kenya,"Quênia (BR), Quénia (PT)",肯尼亚(Kenya),肯亞 (Kenya),Kenia,Kenya,Kenya
Comoros,Komoren,Comoras,Comores,Komorene,Komory,Коморские острова,Comoren,Komorerna,Comores,科摩罗(Comoros),葛摩聯盟 (Comoros),Komory,Comore,Comorerne
Ivory Coast,Elfenbeinküste,Costa de Marfil,Côte d'Ivoire,Elfenbenskysten,Pobřeží slonoviny,Кот-д’Ивуар,Ivoorkust,Elfenbenskusten,Costa do Marfim,科特迪瓦(Ivory Coast),象牙海岸 (Ivory Coast),Wybrzeże Kości Słoniowej,Costa d'Avorio,Elfenbenskysten
Democratic Republic of the Congo,Demokratische Republik Kongo,República Democrática del Congo,République démocratique du Congo,Kongo,Konžská demokratická republika,Демократическая Республика Конго,Democratische Republiek Congo,Kongo-Kinshasa,República Democrática do Congo,刚果民主共和国(Democratic Republic of the Congo),剛果民主共和國 (Democratic Republic of the Congo),Demokratyczna Republika Konga,Repubblica Democratica del Congo,Den Demokratiske Republik Congo
Djibouti,Dschibuti,Yibuti,Djibouti,Djibouti,Džibutsko,Джибути,Djibouti,Djibouti,"Djibuti (BR), Jibuti (PT)",吉布提(Djibouti),吉布地共和國 (Djibouti),Dżibuti,Gibuti,Djibouti
Guinea-Bissau,Guinea-Bissau,Guinea-Bisáu,Guinée-Bissau,Guinea-Bissau,Guinea-Bissau,Гвинея-Бисау,Guinee-Bissau,Guinea-Bissau,Guiné-Bissau,几内亚比绍(Guinea-Bissau),幾內亞比索共和國 (Guinea-Bissau),Gwinea Bissau,Guinea-Bissau,Guinea-Bissau
Eritrea,Eritrea,Eritrea,Érythrée,Eritrea,Eritrea,Эритрея,Eritrea,Eritrea,Eritreia,厄立特里亚(Eritrea),厄利垂亞 (Eritrea),Erytrea,Eritrea,Eritrea
Ethiopia,Äthiopien,Etiopía,Éthiopie,Etiopia,Etiopie,Эфиопия,Ethiopië,Etiopien,Etiópia,埃塞俄比亚(Ethiopia),衣索比亞 (Ethiopia),Etiopia,Etiopia,Etiopien
Gabon,Gabun,Gabón,Gabon,Gabon,Gabon,Габон,Gabon,Gabon,Gabão,加蓬(Gabon),加彭共和國 (Gabon),Gabon,Gabon,Gabon
The Gambia,Gambia,Gambia,Gambie,Gambia,Gambie,Гамбия,Gambia,Gambia,Gâmbia,冈比亚(The Gambia),甘比亞共和國 (The Gambia),Gambia,Gambia,Gambia
Lesotho,Lesotho,Lesoto,Lesotho,Lesotho,Lesotho,Лесото,Lesotho,Lesotho,Lesoto,莱索托(Lesotho),賴索托 (Lesotho),Lesotho,Lesotho,Lesotho
Liberia,Liberia,Liberia,Liberia,Liberia,Libérie,Либерия,Liberia,Liberia,Libéria,利比里亚(Liberia),賴比瑞亞共和國 (Liberia),Liberia,Liberia,Liberia
Madagascar,Madagaskar,Madagascar,Madagascar,Madagaskar,Madagascar,Мадагаскар,Madagaskar,Madagaskar,Madagascar,马达加斯加(Madagascar),馬達加斯加 (Madagascar),Madagaskar,Madagascar,Madagaskar
Malawi,Malawi,Malaui,Malawi,Malawi,Malawi,Малави,Malawi,Malawi,Maláui,马拉维(Malawi),馬拉威共和國 (Malawi),Malawi,Malawi,Malawi
Mali,Mali,Malí,Mali,Mali,Mali,Мали,Mali,Mali,Mali,马里(Mali),馬利 (Mali),Mali,Mali,Mali
Mauritania,Mauretanien,Mauritania,Mauritanie,Mauritania,Mauritánie,Мавритания,Mauritanië,Mauretanien,Mauritânia,毛里塔尼亚(Mauritania),茅利塔尼亞伊斯蘭共和國 (Mauritania),Mauretania,Mauritania,Mauretanien
Mauritius,Mauritius,Mauricio,Maurice,Mauritius,Mauricius,Маврикий,Mauritius,Mauritius,"Maurício (BR), Maurícia (PT)",毛里求斯(Mauritius),模里西斯共和國 (Mauritius),Mauritius,Mauritius,Mauritius
Morocco,Marokko,Marruecos,Maroc,Marokko,Maroko,Марокко,Marokko,Marocko,Marrocos,摩洛哥(Morocco),摩洛哥 (Morocco),Maroko,Marocco,Marokko
Mozambique,Mosambik,Mozambique,Mozambique,Mosambik,Mosambik,Мозамбик,Mozambique,Moçambique,Moçambique,莫桑比克(Mozambique),莫三比克共和國 (Mozambique),Mozambik,Mozambico,Mozambique
Namibia,Namibia,Namibia,Namibie,Namibia,Namibie,Намибия,Namibië,Namibia,Namíbia,纳米比亚(Namibia),納米比亞共和國 (Namibia),Namibia,Namibia,Namibia
Niger,Niger,Níger,Niger,Niger,Niger,Нигер,Niger,Niger,Níger,尼日尔(Niger),尼日 (Niger),Niger,Niger,Niger
Nigeria,Nigeria,Nigeria,Nigeria,Nigeria,Nigérie,Нигерия,Nigeria,Nigeria,Nigéria,尼日利亚(Nigeria),奈及利亞 (Nigeria),Nigeria,Nigeria,Nigeria
Republic of the Congo,Republik Kongo,República del Congo,République du Congo,Kongo-Brazzaville,Konžská republika,Республика Конго,Congo,Kongo-Brazzaville,Congo,刚果共和国(Republic of the Congo),剛果共和國 (Republic of the Congo),Kongo,Repubblica del Congo,Republikken Congo
Rwanda,Ruanda,Ruanda,Rwanda,Rwanda,Rwanda,Руанда,Rwanda,Rwanda,Ruanda,卢旺达(Rwanda),盧安達 (Rwanda),Rwanda,Ruanda,Rwanda
Senegal,Senegal,Senegal,Sénégal,Senegal,Senegal,Сенегал,Senegal,Senegal,Senegal,塞内加尔(Senegal),塞內加爾 (Senegal),Senegal,Senegal,Senegal
Seychelles,Seychellen,Seychelles,Seychelles,Seychellene,Seychely,Сейшельские острова,Seychellen,Seychellerna,Seicheles,塞舌尔(Seychelles),塞席爾共和國 (Seychelles),Seszele,Seychelles,Seychellerne
Sierra Leone,Sierra Leone,Sierra Leona,Sierra Leone,Sierra Leone,Sierra Leone,Сьерра-Леоне,Sierra Leone,Sierra Leone,Serra Leoa,塞拉利昂(Sierra Leone),獅子山 (Sierra Leone),Sierra Leone,Sierra Leone,Sierra Leone
South Africa,Südafrika,Sudáfrica,Afrique du Sud,Sør-Afrika,Jihoafrická republika,Южно-Африканская Республика,Zuid-Afrika,Sydafrika,África do Sul,南非(South Africa),南非 (South Africa),Południowa Afryka,Sudafrica,Sydafrika
Sudan,Sudan,Sudán,Soudan,Sudan,Súdán,Судан,Soedan,Sudan,Sudão,苏丹(Sudan),蘇丹 (Sudan),Sudan,Sudan,Sudan
Eswatini,Eswatini,Suazilandia,Eswatini,Eswatini,Svazijsko,Эсватини,Eswatini,Swaziland,Essuatíni,埃斯瓦蒂尼(Eswatini),史瓦帝尼 (Eswatini),Eswatini,eSwatini,Eswatini
Tanzania,Tansania,Tanzania,Tanzanie,Tanzania,Tanzanie,Танзания,Tanzania,Tanzania,Tanzânia,坦桑尼亚(Tanzania),坦尚尼亞 (Tanzania),Tanzania,Tanzania,Tanzania
Togo,Togo,Togo,Togo,Togo,Togo,Того,Togo,Togo,Togo,多哥(Togo),多哥 (Togo),Togo,Togo,Togo
Tunisia,Tunesien,Túnez,Tunisie,Tunisia,Tunisko,Тунис,Tunesië,Tunisien,Tunísia,突尼斯(Tunisia),突尼西亞 (Tunisia),Tunezja,Tunisia,Tunesien
Uganda,Uganda,Uganda,Ouganda,Uganda,Uganda,Уганда,Oeganda,Uganda,Uganda,乌干达(Uganda),烏干達 (Uganda),Uganda,Uganda,Uganda
Sahrawi Arab Democratic Republic,Demokratische Arabische Republik Sahara,República Árabe Saharaui Democrática,République arabe sahraouie démocratique,Vest-Sahara,Saharská arabská demokratická republika,Сахарская Арабская Демократическая Республика,Sahrawi Arabische Democratische Republiek,Sahariska arabiska demokratiska republiken,República Árabe Saaraui Democrática (RASD),阿拉伯撒哈拉民主共和国(Sahrawi Arab Democratic Republic),撒拉威阿拉伯民主共和國(西薩哈拉) (Sahrawi Arab Democratic Republic),Sahara Zachodnia,Repubblica Democratica Araba dei Sahrawi,Vestsahara
Zambia,Sambia,Zambia,Zambie,Zambia,Zambie,Замбия,Zambia,Zambia,Zâmbia,赞比亚(Zambia),桑比亞 (Zambia),Zambia,Zambia,Zambia
Zimbabwe,Simbabwe,Zimbabue,Zimbabwe,Zimbabwe,Zimbabwe,Зимбабве,Zimbabwe,Zimbabwe,Zimbábue,津巴布韦(Zimbabwe),辛巴威 (Zimbabwe),Zimbabwe,Zimbabwe,Zimbabwe
Canary Islands,Kanarische Inseln,Canarias,Îles Canaries,Kanariøyene,Kanárské ostrovy,Канарские Острова,Canarische Eilanden,Kanarieöarna,Ilhas Canárias,加那利群岛(Canary Islands),加納利群島 (Canary Islands),Wyspy Kanaryjskie,Isole Canarie,De Kanariske Øer
Afghanistan,Afghanistan,Afganistán,Afghanistan,Afghanistan,Afghánistán,Афганистан,Afghanistan,Afghanistan,Afeganistão,阿富汗(Afghanistan),阿富汗 (Afghanistan),Afganistan,Afghanistan,Afghanistan
Bahrain,Bahrain,Baréin,Bahreïn,Bahrain,Bahrajn,Бахрейн,Bahrein,Bahrain,Barém,巴林(Bahrain),巴林 (Bahrain),Bahrajn,Bahrein,Bahrain
Bangladesh,Bangladesch,Bangladés,Bangladesh,Bangladesh,Bangladéš,Бангладеш,Bangladesh,Bangladesh,Bangladexe,孟加拉国(Bangladesh),孟加拉 (Bangladesh),Bangladesz,Bangladesh,Bangladesh
Bhutan,Bhutan,Bután,Bhoutan,Bhutan,Bhútán,Бутан,Bhutan,Bhutan,Butão,不丹(Bhutan),不丹 (Bhutan),Bhutan,Bhutan,Bhutan
Brunei,Brunei,Brunéi,Brunei,Brunei,Brunej,Бруней,Brunei,Brunei,Brunei,文莱(Brunei),汶萊 (Brunei),Brunei,Brunei,Brunei
China,Volksrepublik China,China,Chine,Kina,Čína,Китай,China,Kina,China,中国(China),中國 (China),Chiny,Cina,Kina
Cambodia,Kambodscha,Camboya,Cambodge,Kambodsja,Kambodža,Камбоджа,Cambodja,Kambodja,Camboja,柬埔寨(Cambodia),柬埔寨 (Cambodia),Kambodża,Cambogia,Cambodja
Indonesia,Indonesien,Indonesia,Indonésie,Indonesia,Indonésie,Индонезия,Indonesië,Indonesien,Indonésia,印度尼西亚(Indonesia),印度尼西亞(印尼) (Indonesia),Indonezja,Indonesia,Indonesien
India,Indien,India,Inde,India,Indie,Индия,India,Indien,Índia,印度(India),印度 (India),Indie,India,Indien
Hong Kong,Hongkong,Hong Kong,Hong Kong,Hongkong,Hongkong,Гонконг,Hongkong,Hongkong,Hong Kong,香港(Hong Kong),香港 (Hong Kong),Hongkong,Hong Kong,HongKong
Iran,Iran,Irán,Iran,Iran,Írán,Иран,Iran,Iran,"Irã (BR), Irão (PT)",伊朗(Iran),伊朗 (Iran),Iran,Iran,Iran
Israel,Israel,Israel,Israël,Israel,Izrael,Израиль,Israël,Israel,Israel,以色列(Israel),以色列 (Israel),Izrael,Israele,Israel
Iraq,Irak,Irak,Irak,Irak,Irák,Ирак,Irak,Irak,Iraque,伊拉克(Iraq),伊拉克 (Iraq),Irak,Iraq,Irak
South Korea,Südkorea,Corea del Sur,Corée du Sud,Sør-Korea,Jižní Korea,Южная Корея,Zuid-Korea,Sydkorea,Coreia do Sul,韩国(South Korea),韓國(南韓) (South Korea),Korea Południowa,Corea del Sud,Sydkorea
North Korea,Nordkorea,Corea del Norte,Corée du Nord,Nord-Korea,Severní Korea,Северная Корея,Noord-Korea,Nordkorea,Coreia do Norte,朝鲜(North Korea),北韓 (North Korea),Korea Północna,Corea del Nord,Nordkorea
Jordan,Jordanien,Jordania,Jordanie,Jordan,Jordánsko,Иордания,Jordanië,Jordanien,Jordânia,约旦(Jordan),約旦 (Jordan),Jordania,Giordania,Jordan
Japan,Japan,Japón,Japon,Japan,Japonsko,Япония,Japan,Japan,Japão,日本(Japan),日本 (Japan),Japonia,Giappone,Japan
Lebanon,Libanon,Líbano,Liban,Libanon,Libanon,Ливан,Libanon,Libanon,Líbano,黎巴嫩(Lebanon),黎巴嫩 (Lebanon),Liban,Libano,Libanon
Laos,Laos,Laos,Laos,Laos,Laos,Лаос,Laos,Laos,Laos,老挝(Laos),寮國 (Laos),Laos,Laos,Laos
Kyrgyzstan,Kirgisistan,Kirguistán,Kirghizistan,Kirgisistan,Kyrgyzstán,Киргизия,Kirgizië,Kirgizistan,Quirguistão,吉尔吉斯斯坦(Kyrgyzstan),吉爾吉斯 (Kyrgyzstan),Kirgistan,Kirghizistan,Kirgisistan
Kuwait,Kuwait,Kuwait,Koweït,Kuwait,Kuvajt,Кувейт,Koeweit,Kuwait,Kuwait,科威特(Kuwait),科威特 (Kuwait),Kuwejt,Kuwait,Kuwait
Myanmar,Myanmar,Birmania,Birmanie,Myanmar,Myanmar,Мьянма,Myanmar,Myanmar,Mianmar,缅甸(Myanmar),緬甸 (Myanmar),Mjanma,Birmania,Myanmar
Mongolia,Mongolei,Mongolia,Mongolie,Mongolia,Mongolsko,Монголия,Mongolië,Mongoliet,Mongólia,蒙古(Mongolia),蒙古 (Mongolia),Mongolia,Mongolia,Mongoliet
Maldives,Malediven,Maldivas,Maldives,Maldivene,Maledivy,Мальдивы,Malediven,Maldiverna,Maldivas,马尔代夫(Maldives),馬爾地夫 (Maldives),Malediwy,Maldive,Maldiverne
Malaysia,Malaysia,Malasia,Malaisie,Malaysia,Malajsie,Малайзия,Maleisië,Malaysia,Malásia,马来西亚(Malaysia),馬來西亞 (Malaysia),Malezja,Malaysia,Malaysia
Oman,Oman,Omán,Oman,Oman,Omán,Оман,Oman,Oman,"Omã (BR), Omão (PT)",阿曼(Oman),阿曼王國 (Oman),Oman,Oman,Oman
Nepal,Nepal,Nepal,Népal,Nepal,Nepál,Непал,Nepal,Nepal,Nepal,尼泊尔(Nepal),尼泊爾 (Nepal),Nepal,Nepal,Nepal
Palestine,Palästina,Palestina,Palestine,Palestina,Stát Palestina,Палестина,Palestina,Palestina,Palestina,巴勒斯坦(Palestine),巴勒斯坦 (Palestine),Palestyna,Palestina,Palæstina
Pakistan,Pakistan,Pakistán,Pakistan,Pakistan,Pákistán,Пакистан,Pakistan,Pakistan,Paquistão,巴基斯坦(Pakistan),巴基斯坦 (Pakistan),Pakistan,Pakistan,Pakistan
Qatar,Katar,Catar,Qatar,Qatar,Katar,Катар,Qatar,Qatar,Catar,卡塔尔(Qatar),卡達 (Qatar),Katar,Qatar,Qatar
Saudi Arabia,Saudi-Arabien,Arabia Saudita,Arabie saoudite,Saudi-Arabia,Saúdská Arábie,Саудовская Аравия,Saoedi-Arabië,Saudiarabien,Arábia Saudita,沙特阿拉伯(Saudi Arabia),沙烏地阿拉伯 (Saudi Arabia),Arabia Saudyjska,Arabia Saudita,Saudi-Arabien
Singapore,Singapur,Singapur,Singapour,Singapore,Singapur,Сингапур,Singapore,Singapore,Singapura,新加坡(Singapore),新加坡 (Singapore),Singapur,Singapore,Singapore
Syria,Syrien,Siria,Syrie,Syria,Sýrie,Сирия,Syrië,Syrien,Síria,叙利亚(Syria),敘利亞 (Syria),Syria,Siria,Syrien
Taiwan,Taiwan,Taiwán,Taïwan,Taiwan,Tchaj-wan,Тайвань,Taiwan,Taiwan,Taiwan,台湾(Taiwan),台灣(中華民國) (Taiwan),Tajwan,Taiwan,Taiwan
Sri Lanka,Sri Lanka,Sri Lanka,Sri Lanka,Sri Lanka,Srí Lanka,Шри-Ланка,Sri Lanka,Sri Lanka,Sri Lanka,斯里兰卡(Sri Lanka),斯里蘭卡 (Sri Lanka),Sri Lanka,Sri Lanka,Sri Lanka
Tajikistan,Tadschikistan,Tayikistán,Tadjikistan,Tadsjikistan,Tádžikistán,Таджикистан,Tadzjikistan,Tadzjikistan,Tajiquistão,塔吉克斯坦(Tajikistan),塔吉克共和國 (Tajikistan),Tadżykistan,Tagikistan,Tadsjikistan
Thailand,Thailand,Tailandia,Thaïlande,Thailand,Thajsko,Таиланд,Thailand,Thailand,Tailândia,泰国(Thailand),泰國 (Thailand),Tajlandia,Thailandia,Thailand
Timor-Leste,Osttimor,Timor Oriental,Timor oriental,Øst-Timor,Východní Timor,Восточный Тимор,Oost-Timor,Östtimor,Timor-Leste,东帝汶(Timor-Leste),東帝汶 (Timor-Leste),Timor Wschodni,Timor Est,Østtimor
United Arab Emirates,Vereinigte Arabische Emirate,Emiratos Árabes Unidos,Émirats arabes unis,De forente arabiske emirater,Spojené arabské emiráty,Объединенные Арабские Эмираты,Verenigde Arabische Emiraten,Förenade Arabemiraten,Emirados Árabes Unidos,阿拉伯联合酋长国(United Arab Emirates),阿拉伯聯合大公國 (United Arab Emirates),Zjednoczone Emiraty Arabskie,Emirati Arabi Uniti,De Forenede Arabiske Emirater
Turkmenistan,Turkmenistan,Turkmenistán,Turkménistan,Turkmenistan,Turkmenistán,Туркменистан,Turkmenistan,Turkmenistan,Turcomenistão,土库曼斯坦(Turkmenistan),土庫曼 (Turkmenistan),Turkmenistan,Turkmenistan,Turkmenistan
Yemen,Jemen,Yemen,Yémen,Jemen,Jemen,Йемен,Jemen,Jemen,"Iêmen (BR), Iémen (PT)",也门(Yemen),葉門 (Yemen),Jemen,Yemen,Yemen
Vietnam,Vietnam,Vietnam,Viêt Nam,Vietnam,Vietnam,Вьетнам,Vietnam,Vietnam,"Vietnã (BR), Vietname (PT)",越南(Vietnam),越南 (Vietnam),Wietnam,Vietnam,Vietnam
Uzbekistan,Usbekistan,Uzbekistán,Ouzbékistan,Usbekistan,Uzbekistán,Узбекистан,Oezbekistan,Uzbekistan,Uzbequistão,乌兹别克斯坦(Uzbekistan),烏茲別克 (Uzbekistan),Uzbekistan,Uzbekistan,Usbekistan
Fiji,Fidschi,Fiyi,Fidji,Fiji,Fidži,Фиджи,Fiji,Fiji,Fiji,斐济(Fiji),斐濟 (Fiji),Fidżi,Figi,Fiji
Papua New Guinea,Papua-Neuguinea,Papúa Nueva Guinea,Papouasie-Nouvelle-Guinée,Papua Ny-Guinea,Papua Nová Guinea,Папуа — Новая Гвинея,Papoea-Nieuw-Guinea,Papua Nya Guinea,Papua-Nova Guiné,巴布亚新几内亚(Papua New Guinea),巴布亞紐幾內亞 (Papua New Guinea),Papua-Nowa Gwinea,Papua Nuova Guinea,Papua Ny Guinea
Australia,Australien,Australia,Australie,Australia,Austrálie,Австралия,Australië,Australien,Austrália,澳大利亚(Australia),澳大利亞 (Australia),Australia,Australia,Australien
Solomon Islands,Salomonen,Islas Salomón,Îles Salomon,Salomonøyene,Šalomounovy ostrovy,Соломоновы острова,Salomonseilanden,Salomonöarna,Ilhas Salomão,所罗门群岛(Solomon Islands),索羅門群島 (Solomon Islands),Wyspy Salomona,Isole Salomone,Salomonøerne
Argentina,Argentinien,Argentina,Argentine,Argentina,Argentina,Аргентина,Argentinië,Argentina,Argentina,阿根廷(Argentina),阿根廷 (Argentina),Argentyna,Argentina,Argentina
Bolivia,Bolivien,Bolivia,Bolivie,Bolivia,Bolívie,Боливия,Bolivia,Bolivia,Bolívia,玻利维亚(Bolivia),玻利維亞 (Bolivia),Boliwia,Bolivia,Bolivia
Brazil,Brasilien,Brasil,Brésil,Brasil,Brazílie,Бразилия,Brazilië,Brasilien,Brasil,巴西(Brazil),巴西 (Brazil),Brazylia,Brasile,Brasilien
Chile,Chile,Chile,Chili,Chile,Chile,Чили,Chili,Chile,Chile,智利(Chile),智利 (Chile),Chile,Cile,Chile
Colombia,Kolumbien,Colombia,Colombie,Colombia,Kolumbie,Колумбия,Colombia,Colombia,Colômbia,哥伦比亚(Colombia),哥倫比亞 (Colombia),Kolumbia,Colombia,Colombia
Ecuador,Ecuador,Ecuador,Équateur,Ecuador,Ekvádor,Эквадор,Ecuador,Ecuador,Equador,厄瓜多尔(Ecuador),厄瓜多 (Ecuador),Ekwador,Ecuador,Ecuador
Guyana,Guyana,Guyana,Guyana,Guyana,Guyana,Гайана,Guyana,Guyana,Guiana,圭亚那(Guyana),蓋亞那 (Guyana),Gujana,Guyana,Guyana
Paraguay,Paraguay,Paraguay,Paraguay,Paraguay,Paraguay,Парагвай,Paraguay,Paraguay,Paraguai,巴拉圭(Paraguay),巴拉圭 (Paraguay),Paragwaj,Paraguay,Paraguay
Peru,Peru,Perú,Pérou,Peru,Peru,Перу,Peru,Peru,Peru,秘鲁(Peru),祕魯 (Peru),Peru,Perù,Peru
Suriname,Suriname,Surinam,Suriname,Surinam,Surinam,Суринам,Suriname,Surinam,Suriname,苏里南(Suriname),蘇利南 (Suriname),Surinam,Suriname,Surinam
Uruguay,Uruguay,Uruguay,Uruguay,Uruguay,Uruguay,Уругвай,Uruguay,Uruguay,Uruguai,乌拉圭(Uruguay),烏拉圭 (Uruguay),Urugwaj,Uruguay,Uruguay
Venezuela,Venezuela,Venezuela,Venezuela,Venezuela,Venezuela,Венесуэла,Venezuela,Venezuela,Venezuela,委内瑞拉(Venezuela),委內瑞拉 (Venezuela),Wenezuela,Venezuela,Venezuela
Cook Islands,Cookinseln,Islas Cook,Îles Cook,Cookøyene,Cookovy ostrovy,Острова Кука,Cookeilanden,Cooköarna,Ilhas Cook,库克群岛(Cook Islands),庫克群島 (Cook Islands),Wyspy Cooka,Isole Cook,Cookøerne
Federated States of Micronesia,Föderierte Staaten von Mikronesien,Estados Federados de Micronesia,États fédérés de Micronésie,Mikronesiaføderasjonen,Federativní státy Mikronésie,Федеративные Штаты Микронезии,Federale Staten van Micronesië,Mikronesiens federerade stater,Estados Federados da Micronésia,密克罗尼西亚联邦(Federated States of Micronesia),密克羅尼西亞 (Federated States of Micronesia),Mikronezja,Stati Federati di Micronesia,Mikronesien
Guam,Guam,Guam,Guam,Guam,Guam,Гуам,Guam,Guam,Guam,关岛(Guam),關島 (Guam),Guam,Guam,Guam
Vanuatu,Vanuatu,Vanuatu,Vanuatu,Vanuatu,Vanuatu,Вануату,Vanuatu,Vanuatu,Vanuatu,瓦努阿图(Vanuatu),萬那杜 (Vanuatu),Vanuatu,Vanuatu,Vanuatu
Canada,Kanada,Canadá,Canada,Canada,Kanada,Канада,Canada,Kanada,Canadá,加拿大(Canada),加拿大 (Canada),Kanada,Canada,Canada
United States of America,Vereinigte Staaten von Amerika,Estados Unidos,États-Unis,USA,Spojené státy americké,Соединенные Штаты Америки,Verenigde Staten,USA,Estados Unidos,"美国(United States of America, 全称美利坚合众国)",美國(美利堅合眾國) (United States of America),Stany Zjednoczone,Stati Uniti d'America,USA
Mexico,Mexiko,México,Mexique,Mexico,Mexiko,Мексика,Mexico,Mexiko,México,墨西哥(Mexico),墨西哥 (Mexico),Meksyk,Messico,Mexico
Puerto Rico,Puerto Rico,Puerto Rico,Porto Rico,Puerto Rico,Portoriko,Пуэрто-Рико,Puerto Rico,Puerto Rico,Porto Rico,波多黎各(Puerto Rico),波多黎各 (Puerto Rico),Portoryko,Porto Rico,Puerto Rico
Cuba,Kuba,Cuba,Cuba,Cuba,Kuba,Куба,Cuba,Kuba,Cuba,古巴(Cuba),古巴 (Cuba),Kuba,Cuba,Cuba
Dominican Republic,Dominikanische Republik,República Dominicana,République dominicaine,Den dominikanske republikk,Dominikánská republika,Доминиканская Республика,Dominicaanse Republiek,Dominikanska republiken,República Dominicana,多米尼加共和国(Dominican Republic),多明尼加共和國 (Dominican Republic),Dominikana,Repubblica Dominicana,Den Dominikanske Republik
Haiti,Haiti,Haití,Haïti,Haiti,Haiti,Гаити,Haïti,Haiti,Haiti,海地(Haiti),海地 (Haiti),Haiti,Haiti,Haiti
Jamaica,Jamaika,Jamaica,Jamaïque,Jamaica,Jamajka,Ямайка,Jamaica,Jamaica,Jamaica,牙买加(Jamaica),牙買加 (Jamaica),Jamajka,Giamaica,Jamaica
Trinidad and Tobago,Trinidad und Tobago,Trinidad y Tobago,Trinité-et-Tobago,Trinidad og Tobago,Trinidad a Tobago,Тринидад и Тобаго,Trinidad en Tobago,Trinidad och Tobago,Trindade e Tobago,特立尼达和多巴哥(Trinidad and Tobago),千里達及托巴哥 (Trinidad and Tobago),Trynidad i Tobago,Trinidad e Tobago,Trinidad og Tobago
Bermuda,Bermuda,Bermudas,Bermudes,Bermuda,Bermuda,Бермудские Острова,Bermuda,Bermuda,Bermudas,百慕大(Bermuda),百慕達 (Bermuda),Bermudy,Bermuda,Bermuda
Guadeloupe,Guadeloupe,Guadalupe,Guadeloupe,Guadeloupe,Guadeloupe,Гваделупа,Guadeloupe,Guadeloupe,Guadalupe,瓜德罗普岛(Guadeloupe),瓜地洛普 (Guadeloupe),Gwadelupa,Guadalupa,Guadeloupe
The Bahamas,Bahamas,Bahamas,Bahamas,Bahamas,Bahamy,Багамские острова,Bahama's,Bahamas,Bahamas,巴哈马(The Bahamas),巴哈馬 (The Bahamas),Bahamy,Bahamas,Bahamas
Barbados,Barbados,Barbados,Barbade,Barbados,Barbados,Барбадос,Barbados,Barbados,Barbados,巴巴多斯(Barbados),巴貝多 (Barbados),Barbados,Barbados,Barbados
Belize,Belize,Belice,Belize,Belize,Belize,Белиз,Belize,Belize,Belize,伯利兹(Belize),貝里斯 (Belize),Belize,Belize,Belize
Costa Rica,Costa Rica,Costa Rica,Costa Rica,Costa Rica,Kostarika,Коста-Рика,Costa Rica,Costa Rica,Costa Rica,哥斯达黎加(Costa Rica),哥斯大黎加 (Costa Rica),Kostaryka,Costa Rica,Costa Rica
El Salvador,El Salvador,El Salvador,Salvador,El Salvador,Salvador,Сальвадор,El Salvador,El Salvador,El Salvador,萨尔瓦多(El Salvador),薩爾瓦多 (El Salvador),Salwador,El Salvador,El Salvador
Guatemala,Guatemala,Guatemala,Guatemala,Guatemala,Guatemala,Гватемала,Guatemala,Guatemala,Guatemala,危地马拉(Guatemala),瓜地馬拉 (Guatemala),Gwatemala,Guatemala,Guatemala
Honduras,Honduras,Honduras,Honduras,Honduras,Honduras,Гондурас,Honduras,Honduras,Honduras,洪都拉斯(Honduras),宏都拉斯 (Honduras),Honduras,Honduras,Honduras
Nicaragua,Nicaragua,Nicaragua,Nicaragua,Nicaragua,Nicaragua,Никарагуа,Nicaragua,Nicaragua,Nicarágua,尼加拉瓜(Nicaragua),尼加拉瓜 (Nicaragua),Nikaragua,Nicaragua,Nicaragua
Panama,Panama,Panamá,Panama,Panama,Panama,Панама,Panama,Panama,Panamá,巴拿马(Panama),巴拿馬 (Panama),Panama,Panama,Panama
Antigua and Barbuda,Antigua und Barbuda,Antigua y Barbuda,Antigua-et-Barbuda,Antigua og Barbuda,Antigua a Barbuda,Антигуа и Барбуда,Antigua en Barbuda,Antigua och Barbuda,Antígua e Barbuda,安提瓜和巴布达(Antigua and Barbuda),安地卡及巴布達 (Antigua and Barbuda),Antigua i Barbuda,Antigua e Barbuda,Antigua og Barbuda
Dominica,Dominica,Dominica,Dominique,Dominica,Dominika,Доминика,Dominica,Dominica,Dominica,多米尼加(Dominica),多明尼加 (Dominica),Dominika,Dominica,Dominica
Saint Vincent and the Grenadines,St. Vincent und die Grenadinen,San Vicente y las Granadinas,Saint-Vincent-et-les-Grenadines,Saint Vincent og Grenadinene,Svatý Vincenc a Grenadiny,Сент-Винсент и Гренадины,Saint Vincent en de Grenadines,Saint Vincent och Grenadinerna,São Vicente e Granadinas,圣文森特和格林纳丁斯(Saint Vincent and the Grenadines),聖文森及格瑞那丁 (Saint Vincent and the Grenadines),Saint Vincent i Grenadyny,Saint Vincent e Grenadine,Saint Vincent og Grenadinerne
Somalia,Somalia,Somalia,Somalie,Somalia,Somálsko,Сомали,Somalië,Somalia,Somália,索马里(Somalia),索馬利亞 (Somalia),Somalia,Somalia,Somalia
Zanzibar,Sansibar,Zanzíbar,Zanzibar,Zanzibar,Zanzibar,Занзибар,Zanzibar,Zanzibar,Zanzibar,桑给巴尔(Zanzibar),尚吉巴 (Zanzibar),Zanzibar,Zanzibar,Zanzibar
Ghana,Ghana,Ghana,Ghana,Ghana,Ghana,Гана,Ghana,Ghana,Gana,加纳(Ghana),迦納 (Ghana),Ghana,Ghana,Ghana
Guinea,Guinea,Guinea,Guinée,Guinea,Guinea,Гвинея,Guinee,Guinea,Guiné,几内亚(Guinea),幾內亞 (Guinea),Gwinea,Guinea,Guinea
New Zealand,Neuseeland,Nueva Zelanda,Nouvelle-Zélande,New Zealand,Nový Zéland,Новая Зеландия,Nieuw-Zeeland,Nya Zeeland,Nova Zelândia,新西兰(New Zealand),紐西蘭 (New Zealand),Nowa Zelandia,Nuova Zelanda,New Zealand
French Polynesia,Französisch-Polynesien,Polinesia Francesa,Polynésie française,Fransk Polynesia,Francouzská Polynésie,Французская Полинезия,Frans-Polynesië,Franska Polynesien,Polinésia Francesa,法属波利尼西亚(French Polynesia),法屬玻里尼西亞 (French Polynesia),Polinezja Francuska,Polinesia francese,Fransk Polynesien
Philippines,Philippinen,Filipinas,Philippines,Filippinene,Filipíny,Филиппины,Filipijnen,Filippinerna,Filipinas,菲律宾(Philippines),菲律賓 (Philippines),Filipiny,Filippine,Filippinerne
Kosovo,Kosovo,Kosovo,Kosovo,Kosovo,Kosovo,Косово,Kosovo,Kosovo,Kosovo,科索沃(Kosovo),科索沃 (Kosovo),Kosowo,Kosovo,Kosovo
Libya,Libyen,Libia,Libye,Libya,Libye,Ливия,Libië,Libyen,Líbia,利比亚(Libya),利比亞 (Libya),Libia,Libia,Libyen
Palau,Palau,Palaos,Palaos,Palau,Palau,Палау,Palau,Palau,Palau,帕劳(Palau),帛琉 (Palau),Palau,Palau,Palau
Saint Lucia,St. Lucia,Santa Lucía,Sainte-Lucie,Saint Lucia,Svatá Lucie,Сент-Люсия,Saint Lucia,Saint Lucia,Santa Lúcia,圣卢西亚(Saint Lucia),聖露西亞 (Saint Lucia),Saint Lucia,Saint Lucia,Saint Lucia
Bali,Bali,Bali,Bali,Bali,Bali,Бали,Bali,Bali,Bali,巴厘岛(Bali),峇里島 (Bali),Bali,Bali,Bali
Grenada,Grenada,Granada,Grenade,Grenada,Grenada,Гренада,Grenada,Grenada,Granada,格林纳达(Grenada),格瑞那達 (Grenada),Grenada,Grenada,Grenada
British Virgin Islands,Britische Jungferninseln,Islas Vírgenes Británicas,Îles Vierges britanniques,De britiske Jomfruøyer,Britské Panenské ostrovy,Британские Виргинские Острова,Britse Maagdeneilanden,Brittiska Jungfruöarna,Ilhas Virgens Britânicas,英属维尔京群岛(British Virgin Islands),英屬維京群島 (British Virgin Islands),Brytyjskie Wyspy Dziewicze,Isole Vergini britanniche,De Britiske Jomfruøer
Turks and Caicos Islands,Turks- und Caicosinseln,Islas Turcas y Caicos,Îles Turques-et-Caïques,Turks- og Caicosøyene,Turks a Caicos,Острова Теркс и Кайкос,Turks- en Caicoseilanden,Turks- och Caicosöarna,Turcas e Caicos,特克斯和凯科斯群岛(Turks and Caicos Islands),土克凱可群島 (Turks and Caicos Islands),Wyspy Turks i Caicos,Turks e Caicos,Turks- og Caicosøerne
Cayman Islands,Cayman Islands (Kaimaninseln),Islas Caimán,Îles Caïmans,Caymanøyene,Kajmanské ostrovy,Каймановы острова,Kaaimaneilanden,Caymanöarna,Ilhas Caimã,开曼群岛(Cayman Islands),開曼群島 (Cayman Islands),Kajmany,Isole Cayman,Caymanøerne
Anguilla,Anguilla,Anguila,Anguilla,Anguilla,Anguilla,Ангилья,Anguilla,Anguilla,Anguila,安圭拉(Anguilla),安奎拉 (Anguilla),Anguilla,Anguilla,Anguilla
Azores,Azoren (Habichtsinseln),Azores,Açores,Asorene,Azory,Азорские острова,Azoren,Azorerna,Açores,亚速尔群岛(Azores),亞速群島 (Azores),Azory,Azzorre,Azorerne
Curaçao,Curaçao,Curazao,Curaçao,Curaçao,Curaçao,Кюрасао,Curaçao,Curaçao,Curaçao,库拉索(Curaçao),庫拉索 (Curaçao),Curaçao,Curaçao,Curaçao
French Guiana,Französisch-Guayana,Guayana Francesa,Guyane,Fransk Guyana,Francouzská Guyana,Французская Гвиана,Frans-Guyana,Franska Guyana,Guiana Francesa,法属圭亚那(French Guiana),法屬圭亞那 (French Guiana),Gujana Francuska,Guyana francese,Fransk Guyana
Gibraltar,Gibraltar,Gibraltar,Gibraltar,Gibraltar,Gibraltar,Гибралтар,Gibraltar,Gibraltar,Gibraltar,直布罗陀(Gibraltar),直布羅陀 (Gibraltar),Gibraltar,Gibilterra,Gibraltar
Guernsey,Guernsey,Guernsey,Guernesey,Guernsey,Guernsey,Гернси,Guernsey,Guernsey,Guernesei,根西岛(Guernsey),根西 (Guernsey),Guernsey,Guernsey,Guernsey
Isle of Man,Isle of Man,Isla de Man,Île de Man,Man,Man,Остров Мэн,Man,Isle of Man,Ilha de Man,马恩岛(Isle of Man),曼島 (Isle of Man),Wyspa Man,Isola di Man,Isle of Man
Jersey,Jersey,Jersey,Jersey,Jersey,Jersey,Джерси,Jersey,Jersey,Jérsia,泽西岛(Jersey),澤西島 (Jersey),Jersey,Jersey,Jersey
Kiribati,Kiribati,Kiribati,Kiribati,Kiribati,Kiribati,Кирибати,Kiribati,Kiribati,Quiribati,基里巴斯(Kiribati),吉里巴斯 (Kiribati),Kiribati,Kiribati,Kiribati
Macau,Macau,Macao,Macao,Macao,Macao,Макао,Macau,Macao,Macau,澳门(Macau),澳門 (Macau),Makau,Macao,Macao
Madeira,Autonome Region Madeira,Madeira,Madère,Madeira,Madeira,Мадейра,Madeira,Madeira,Madeira,马德拉(Madeira),馬德拉群島 (Madeira),Madera,Madera,Madeira
Marshall Islands,Marshallinseln,Islas Marshall,Îles Marshall,Marshalløyene,Marshallovy ostrov,Маршалловы острова,Marshalleilanden,Marshallöarna,Ilhas Marshall,马绍尔群岛(Marshall Islands),馬爾紹群島 (Marshall Islands),Wyspy Marshalla,Isole Marshall,Marshalløerne
Nauru,Nauru,Nauru,Nauru,Nauru,Nauru,Науру,Nauru,Nauru,Nauru,瑙鲁(Nauru),諾魯共和國 (Nauru),Nauru,Nauru,Nauru
New Caledonia,Neukaledonien,Nueva Caledonia,Nouvelle-Calédonie,Ny-Caledonia,Nová Kaledonie,Новая Каледония,Nieuw-Caledonië,Nya Kaledonien,Nova Caledônia,新喀里多尼亚(New Caledonia),新喀里多尼亞 (New Caledonia),Nowa Kaledonia,Nuova Caledonia,Ny Kaledonien
Niue,Niue,Niue,Niue,Niue,Niue,Ниуэ,Niue,Niue,Niuê,纽埃(Niue),紐埃島 (Niue),Niue,Niue,Niue
Northern Cyprus,Nordzypern,Chipre del Norte,Chypre du Nord,Nord-Kypros,Severní Kypr,Северный Кипр,Noord-Cyprus,Nordcypern,Chipre do Norte,北塞浦路斯(Northern Cyprus),北賽普勒斯 (Northern Cyprus),Cypr Północny,Cipro del Nord,Nordcypern
Saint Kitts and Nevis,St. Kitts und Nevis,San Cristóbal y Nieves,Saint-Christophe-et-Niévès,Saint Kitts og Nevis,Svatý Kryštof a Nevis,Сент-Китс и Невис,Saint Kitts en Nevis,Saint Kitts och Nevis,São Cristóvão e Névis,圣基茨和尼维斯(Saint Kitts and Nevis),聖克里斯多福及尼維斯聯邦 (Saint Kitts and Nevis),Saint Kitts i Nevis,Saint Kitts e Nevis,Saint Kitts og Nevis
Samoa,Samoa,Samoa,Samoa,Samoa,Samoa,Самоа,Samoa,Samoa,Samoa,萨摩亚(Samoa),薩摩亞 (Samoa),Samoa,Samoa,Samoa
Somaliland,Somaliland,Somalilandia,Somaliland,Somaliland,Somaliland,Сомалиленд,Somaliland,Somaliland,Somalilândia,索马里兰(Somaliland),索馬利蘭共和國 (Somaliland),Somaliland,Somaliland,Somaliland
South Sudan,Südsudan,Sudán del Sur,Soudan du Sud,Sør-Sudan,Jižní Súdán,Южный Судан,Zuid-Soedan,Sydsudan,Sudão do Sul,南苏丹(South Sudan),南蘇丹 (South Sudan),Sudan Południowy,Sudan del Sud,Sydsudan
Tuvalu,Tuvalu,Tuvalu,Tuvalu,Tuvalu,Tuvalu,Тувалу,Tuvalu,Tuvalu,Tuvalu,图瓦卢(Tuvalu),吐瓦魯 (Tuvalu),Tuvalu,Tuvalu,Tuvalu
United States Virgin Islands,Amerikanische Jungferninseln,Islas Vírgenes de los Estados Unidos,Îles Vierges des États-Unis,De amerikanske Jomfruøyer,Americké Panenské ostrovy,Виргинские Острова Соединенных Штатов,Amerikaanse Maagdeneilanden,Amerikanska Jungfruöarna,Ilhas Virgens Americanas,美属维尔京群岛(United States Virgin Islands),美屬維京群島 (United States Virgin Islands),Wyspy Dziewicze Stanów Zjednoczonych,Isole Vergini americane,De Amerikanske Jomfruøer
Åland Islands,Åland,Åland,Åland,Åland,Alandy,Аландские острова,Åland,Åland,Alanda,奥兰群岛(Åland Islands),奧蘭群島 (Åland Islands),Wyspy Alandzkie,Isole Åland,Åland
South Ossetia,Südossetien,Osetia del Sur,Ossétie du Sud-Alanie,Sør-Ossetia,Jižní Osetie,Южная Осетия,Zuid-Ossetië,Sydossetien,Ossétia do Sul,南奥塞梯(South Ossetia),南奧塞梯 (South Ossetia),Osetia Południowa,Ossezia del Sud,Sydossetien
American Samoa,Amerikanisch-Samoa,Samoa Americana,Samoa américaines,Amerikansk Samoa,Americká Samoa,Американское Самоа,Amerikaans Samoa,Amerikanska Samoa,Samoa Americana,美属萨摩亚(American Samoa),美屬薩摩亞 (American Samoa),Samoa Amerykańskie,Samoa Americane,Amerikansk Samoa
Northern Mariana Islands,Nördliche Marianen,Islas Marianas del Norte,Îles Mariannes du Nord,Nord-Marianene,Severní Mariany,Северные Марианские Острова,Noordelijke Marianen,Nordmarianerna,Ilhas Marianas do Norte,北马里亚纳群岛(Northern Mariana Islands),北馬里亞納群島 (Northern Mariana Islands),Mariany Północne,Isole Marianne Settentrionali,Nordmarianerne
Aruba,Aruba,Aruba,Aruba,Aruba,Aruba,Аруба,Aruba,Aruba,Aruba,阿鲁巴(Aruba),荷屬阿魯巴 (Aruba),Aruba,Aruba,Aruba
Abkhazia,Abchasien,Abjasia,Abkhazie,Abkhasia,Abcházie,Абхазия,Abchazië,Abchazien,Abecásia,阿布哈兹(Abkhazia),阿布哈茲共和國 (Abkhazia),Abchazja,Abcasia,Abkhasien
Sint Maarten,Sint Maarten,San Martín (Países Bajos),Saint-Martin (royaume des Pays-Bas),Sint Maarten,Svatý Martin (nizozemská část),Синт-Мартен,Sint Maarten (Koninkrijk der Nederlanden),Sint Maarten,São Martinho (Países Baixos),圣马丁岛(Sint Maarten),荷屬聖馬丁 (Sint Maarten),Sint Maarten,Sint Maarten,Sint-Maarten
Tonga,Tonga,Tonga,Tonga,Tonga,Tonga,Тонга,Tonga,Tonga,Tonga,汤加(Tonga),東加 (Tonga),Tonga,Tonga,Tonga
Transnistria,Transnistrien,Transnistria,Transnistrie,Transnistria,Podněstří,Приднестровье,Transnistrië,Transnistrien,Transnístria,德涅斯特河沿岸(Transnistria),德涅斯特河沿岸共和國 (Transnistria),Naddniestrze,Transnistria,Transnistrien
Sardinia,Sardinien,Cerdeña,Sardaigne,Sardinia,Sardinie,Сардиния,Sardinië,Sardinien,Sardenha,撒丁岛(Sardinia),薩丁尼亞 (Sardinia),Sardynia,Sardegna,Sardinien
Kaliningrad Oblast,Oblast Kaliningrad,Óblast de Kaliningrado,Oblast de Kaliningrad,Kaliningrad oblast,Kaliningradská oblast,Калининградская область,Oblast Kaliningrad,Kaliningrad oblast,Caliningrado,加里宁格勒州(Kaliningrad Oblast),加里寧格勒州 (Kaliningrad Oblast),Obwód królewiecki,Oblast' di Kaliningrad,Kaliningrad Oblast
Martinique,Martinique,Martinica,Martinique,Martinique,Martinik,Мартиника,Martinique,Martinique,Martinica,马提尼克(Martinique),馬丁尼克 (Martinique),Martynika,Martinica,Martinique
Java,Java,Java,Java,Java,Jáva,Ява,Java,Java,Java,爪哇岛(Java),爪哇 (Java),Jawa,Giava,Java
Corsica,Korsika,Córcega,Corse,Korsika,Korsika,Корсика,Corsica,Korsika,Córsega,科西嘉岛(Corsica),科西嘉 (Corsica),Korsyka,Corsica,Korsika
European Union,Europäische Union,Unión Europea,Union européenne,Den europeiske union,Evropská unie,Европейский Союз,Europese Unie,Europeiska unionen,União Europeia,欧盟(European Union),歐盟 (European Union),Unia Europejska,Unione europea,Den Europæiske Union
Gulf of Mexico,Golf von Mexiko,Golfo de México,Golfe du Mexique,Mexicogolfen,Mexický záliv,Мексиканский залив,Golf van Mexico,Mexikanska golfen,Golfo do México,墨西哥湾(Gulf of Mexico),墨西哥灣 (Gulf of Mexico),Zatoka Meksykańska,Golfo del Messico,Den Mexicanske Golf
Philippine Sea,Philippinensee,Mar de Filipinas,Mer des Philippines,Filippinerhavet,Filipínské moře,Филиппинское море,Filipijnenzee,Filippinska sjön,Mar das Filipinas,菲律宾海(Philippine Sea),菲律賓海 (Philippine Sea),Morze Filipińskie,Mare delle Filippine,Filippinske Hav
Southern Ocean,Südlicher Ozean,Océano Antártico,Océan Austral,Sørishavet,Jižní oceán,Южный океан,Zuidelijke Oceaan,Antarktiska oceanen,Oceano Antártico,南大洋(Southern Ocean),南冰洋 (Southern Ocean),Ocean Południowy,Oceano Antartico,Det Sydlige Ishav
Gulf of Thailand,Golf von Thailand,Golfo de Tailandia,Golfe de Thaïlande,Thailandbukta,Thajský záliv,Сиамский залив,Golf van Thailand,Thailandviken,Golfo da Tailândia,泰国湾(Gulf of Thailand),泰國灣 (Gulf of Thailand),Zatoka Tajlandzka,Golfo del Siam,Thailandbugten
Micronesia,Mikronesien,Micronesia,Micronésie,Mikronesia,Mikronésie,Микронезия,Micronesië,Mikronesien,Micronésia,密克罗尼西亚(Micronesia),密克羅尼西亞 (Micronesia),Mikronezja,Micronesia,Mikronesien
Pacific Ocean,Pazifischer Ozean,Océano Pacífico,Océan Pacifique,Stillehavet,Tichý oceán,Тихий океан,Stille Oceaan,Stilla havet,Oceano Pacífico,太平洋(Pacific Ocean),太平洋 (Pacific Ocean),Ocean Spokojny,Oceano Pacifico,Stillehavet
Atlantic Ocean,Atlantischer Ozean,Océano Atlántico,Océan Atlantique,Atlanterhavet,Atlantský oceán,Атлантический океан,Atlantische Oceaan,Atlanten,Oceano Atlântico,大西洋(Atlantic Ocean),大西洋 (Atlantic Ocean),Ocean Atlantycki,Oceano Atlantico,Atlanterhavet
Indian Ocean,Indischer Ozean,Océano Índico,Océan Indien,Det indiske hav,Indický oceán,Индийский океан,Indische Oceaan,Indiska oceanen,Oceano Índico,印度洋(Indian Ocean),印度洋 (Indian Ocean),Ocean Indyjski,Oceano Indiano,Det Indiske Ocean
Arctic Ocean,Arktischer Ozean,Océano Ártico,Océan Arctique,Nordishavet,Severní ledový oceán,Северный Ледовитый океан,Arctische Oceaan,Norra ishavet,Oceano Ártico,北冰洋(Arctic Ocean),北冰洋 (Arctic Ocean),Ocean Arktyczny,Mar Glaciale Artico,Det Nordlige Ishav
Hudson Bay,Hudson Bay,Bahía de Hudson,Baie d'Hudson,Hudsonbukta,Hudsonův záliv,Гудзонов залив,Hudsonbaai,Hudson Bay,Baía de Hudson,哈德逊湾(Hudson Bay),哈德遜灣 (Hudson Bay),Zatoka Hudsona,Baia di Hudson,Hudsonbugten
Labrador Sea,Labradorsee,Mar de Labrador,Mer du Labrador,Labradorsjøen,Labradorské moře,Море Лабрадор,Labradorzee,Labradorhavet,Mar de Labrador,拉布拉多海(Labrador Sea),拉布拉多海 (Labrador Sea),Morze Labradorskie,Mare del Labrador,Labradorhavet
White Sea,Weißes Meer,Mar Blanco,Mer Blanche,Kvitsjøen,Bílé moře,Белое море,Witte Zee,Vita havet,Mar Branco,白海(White Sea),白海 (White Sea),Morze Białe,Mar Bianco,Hvidehavet
Denmark Strait,Dänemarkstraße,Estrecho de Dinamarca,Détroit de Danemark,Danmarkstredet,Dánský průliv,Датский пролив,Straat Denemarken,Danmarksundet,Estreito da Dinamarca,丹麦海峡(Denmark Strait),丹麥海峽 (Denmark Strait),Cieśnina Duńska,Stretto di Danimarca,Danmarksstrædet
Norwegian Sea,Europäisches Nordmeer,Mar de Noruega,Mer de Norvège,Norskehavet,Norské moře,Норвежское море,Noorse Zee,Norska havet,Mar da Noruega,挪威海(Norwegian Sea),挪威海 (Norwegian Sea),Morze Norweskie,Mare di Norvegia,Norskehavet
Baltic Sea,Ostsee,Mar Báltico,Mer Baltique,Østersjøen,Baltské moře,Балтийское море,Oostzee,Östersjön,Mar Báltico,波罗的海(Baltic Sea),波羅的海 (Baltic Sea),Morze Bałtyckie,Mar Baltico,Østersøen
Celtic Sea,Keltische See,Mar Céltico,Mer Celtique,Det keltiske hav,Keltské moře,Кельтское море,Keltische Zee,Keltiska havet,Mar Celta,凯尔特海(Celtic Sea),凱爾特海 (Celtic Sea),Morze Celtyckie,Mare Celtico,Det Keltiske hav
English Channel,Ärmelkanal,Canal de la Mancha,Manche,Den engelske kanal,Lamanšský průliv,Ла-Манш,Het Kanaal,Engelska kanalen,Canal da Mancha,英吉利海峡(English Channel),英吉利海峽 (English Channel),La Manche,La Manica,Den Engelske Kanal
Adriatic Sea,Adriatisches Meer,Mar Adriático,Mer Adriatique,Adriaterhavet,Jaderské moře,Адриатическое море,Adriatische Zee,Adriatiska havet,Mar Adriático,亚得里亚海(Adriatic Sea),亞得里亞海 (Adriatic Sea),Morze Adriatyckie,Mare Adriatico,Adriaterhavet
Bay of Biscay,Biskaya,Golfo de Vizcaya,Golfe de Gascogne,Biscayabukta,Biskajský záliv,Бискайский залив,Golf van Biskaje,Biscayabukten,Golfo da Biscaia,比斯开湾(Bay of Biscay),比斯開灣 (Bay of Biscay),Zatoka Biskajska,Golfo di Biscaglia,Biscayabugten
Black Sea,Schwarzes Meer,Mar Negro,Mer Noire,Svartehavet,Černé moře,Чёрное море,Zwarte Zee,Svarta havet,Mar Negro,黑海(Black Sea),黑海 (Black Sea),Morze Czarne,Mar Nero,Sortehavet
Aegean Sea,Ägäisches Meer,Mar Egeo,Mer Égée,Egeerhavet,Egejské moře,Эгейское море,Egeïsche Zee,Egeiska havet,Mar Egeu,爱琴海(Aegean Sea),愛琴海 (Aegean Sea),Morze Egejskie,Mar Egeo,Ægæiske Hav
Balkan Peninsula,Balkanhalbinsel,Península balcánica,Balkans,Balkan,Balkán,Балканский полуостров,Balkan,Balkanhalvön,Bálcãs,巴尔干半岛(Balkan Peninsula),巴爾幹半島 (Balkan Peninsula),Półwysep Bałkański,Penisola balcanica,Balkanhalvøen
Caspian Sea,Kaspisches Meer,Mar Caspio,Mer Caspienne,Det kaspiske hav,Kaspické moře,Каспийское море,Kaspische Zee,Kaspiska havet,Mar Cáspio,里海(Caspian Sea),裏海 (Caspian Sea),Morze Kaspijskie,Mar Caspio,Kaspiske Hav
Mediterranean Sea,Mittelmeer,Mar Mediterráneo,Mer Méditerranée,Middelhavet,Středozemní moře,Средиземное море,Middellandse Zee,Medelhavet,Mar Mediterrâneo,地中海(Mediterranean Sea),地中海 (Mediterranean Sea),Morze Śródziemne,Mar Mediterraneo,Middelhavet
East Siberian Sea,Ostsibirische See,Mar de Siberia Oriental,Mer de Sibérie orientale,Øst-Sibirhavet,Východosibiřské moře,Восточно-Сибирское море,Oost-Siberische Zee,Östsibiriska havet,Mar Siberiano Oriental,东西伯利亚海(East Siberian Sea),東西伯利亞海 (East Siberian Sea),Morze Wschodniosyberyjskie,Mar della Siberia Orientale,Det Østsibiriske Hav
Bering Strait,Beringstraße,Estrecho de Bering,Détroit de Béring,Beringstredet,Beringův průliv,Берингов пролив,Beringstraat,Berings sund,Estreito de Bering,白令海峡(Bering Strait),白令海峽 (Bering Strait),Cieśnina Beringa,Stretto di Bering,Beringstrædet
Arabian Sea,Arabisches Meer,Mar arábigo,Mer d'Arabie,Det arabiske hav,Arabské moře,Аравийское море,Arabische Zee,Arabiska havet,Mar Arábico,阿拉伯海(Arabian Sea),阿拉伯海 (Arabian Sea),Morze Arabskie,Mar Arabico,Det Arabiske Hav
Red Sea,Rotes Meer,Mar Rojo,Mer Rouge,Rødehavet,Rudé moře,Красное море,Rode Zee,Röda havet,Mar Vermelho,红海(Red Sea),紅海 (Red Sea),Morze Czerwone,Mar Rosso,Det Røde Hav
Dead Sea,Totes Meer,Mar Muerto,Mer Morte,Dødehavet,Mrtvé moře,Мертвое море,Dode Zee,Döda havet,Mar Morto,死海(Dead Sea),死海 (Dead Sea),Morze Martwe,Mar Morto,Dødehavet
Bay of Bengal,Golf von Bengalen,Bahía de Bengala,Golfe du Bengale,Bengalbukta,Bengálský záliv,Бенгальский залив,Golf van Bengalen,Bengaliska viken,Baía de Bengala,孟加拉湾(Bay of Bengal),孟加拉灣 (Bay of Bengal),Zatoka Bengalska,Golfo del Bengala,Bengalske Bugt
Sea of Japan,Japanisches Meer,Mar del Japón,Mer du Japon,Japanhavet,Japonské moře,Японское море,Japanse Zee,Japanska havet,Mar do Japão,日本海(Sea of Japan),日本海 (Sea of Japan),Morze Japońskie,Mar del Giappone,Japanske Hav
Yellow Sea,Gelbes Meer,Mar Amarillo,Mer Jaune,Gulehavet,Žluté moře,Жёлтое море,Gele Zee,Gula havet,Mar Amarelo,黄海(Yellow Sea),黃海 (Yellow Sea),Morze Żółte,Mar Giallo,Gule Hav
Coral Sea,Korallenmeer,Mar del Coral,Mer de Corail,Korallhavet,Korálové moře,Коралловое море,Koraalzee,Korallhavet,Mar de Coral,珊瑚海(Coral Sea),珊瑚海 (Coral Sea),Morze Koralowe,Mar dei Coralli,Koralhavet
South China Sea,Südchinesisches Meer,Mar de la China Meridional,Mer de Chine méridionale,Sør-Kina-havet,Jihočínské moře,Южно-Китайское море,Zuid-Chinese Zee,Sydkinesiska havet,Mar da China Meridional,南海(South China Sea),南海 (South China Sea),Morze Południowochińskie,Mar Cinese Meridionale,Det Sydkinesiske Hav
Tasman Sea,Tasmansee,Mar de Tasmania,Mer de Tasman,Tasmanhavet,Tasmanovo moře,Тасманово море,Tasmanzee,Tasmanhavet,Mar de Tasman,塔斯曼海(Tasman Sea),塔斯曼海 (Tasman Sea),Morze Tasmana,Mar di Tasman,Tasmanske Hav
Gulf of Carpentaria,Golf von Carpentaria,Golfo de Carpentaria,Golfe de Carpentarie,Carpentariabukta,Carpentarský záliv,Залив Карпентария,Golf van Carpentaria,Carpentariaviken,Golfo de Carpentária,卡奔塔利亚湾(Gulf of Carpentaria),喀本塔利亞灣 (Gulf of Carpentaria),Zatoka Karpentaria,Golfo di Carpentaria,Carpentariabugten
Aral Sea,Aralsee,Mar de Aral,Mer d'Aral,Aralsjøen,Aralské jezero,Аральское море,Aralmeer,Aralsjön,Mar de Aral,咸海(Aral Sea),鹹海 (Aral Sea),Morze Aralskie,Lago d'Aral,Aralsøen
Persian Gulf,Persischer Golf,Golfo Pérsico,Golfe Persique,Persiabukta,Perský záliv,Персидский залив,Perzische Golf,Persiska viken,Golfo Pérsico,波斯湾(Persian Gulf),波斯灣 (Persian Gulf),Zatoka Perska,Golfo Persico,Persiske Bugt
Caribbean Sea,Karibisches Meer,Mar Caribe,Mer des Caraïbes,Det karibiske hav,Karibské moře,Карибское море,Caribische Zee,Karibiska havet,Mar das Caraíbas,加勒比海(Caribbean Sea),加勒比海 (Caribbean Sea),Morze Karaibskie,Mare Caraibico,Caribiske Hav
Gulf of California,Golf von Kalifornien,Golfo de California,Golfe de Californie,Californiabukta,Kalifornský záliv,Калифорнийский залив,Golf van Californië,Californiaviken,Golfo da Califórnia,加利福尼亚湾(Gulf of California),加利福尼亞灣 (Gulf of California),Zatoka Kalifornijska,Golfo di California,Den Californiske Havbugt
Polynesia,Polynesien,Polinesia,Polynésie,Polynesia,Polynésie,Полинезия,Polynesië,Polynesien,Polinésia,波利尼西亚(Polynesia),玻里尼西亞 (Polynesia),Polinezja,Polinesia,Polynesien
Melanesia,Melanesien,Melanesia,Mélanésie,Melanesia,Melanésie,Меланезия,Melanesië,Melanesien,Melanésia,美拉尼西亚(Melanesia),美拉尼西亞 (Melanesia),Melanezja,Melanesia,Melanesien
Scandinavia,Skandinavien,Escandinavia,Scandinavie,Skandinavia og Norden,Skandinávie,Скандинавия,Scandinavisch Schiereiland,Skandinavien,Escandinávia,斯堪的纳维亚(Scandinavia),斯堪地那維亞 (Scandinavia),Skandynawia,Scandinavia,Skandinavien
Sea of Galilee,See Genezareth,Mar de Galilea,Lac de Tibériade,Gennesaretsjøen,Galilejské jezero,Галилейское море,Meer van Tiberias,Gennesaretsjön,Mar da Galileia,加利利海(Sea of Galilee),加利利海 (Sea of Galilee),Jezioro Tyberiadzkie,Lago di Tiberiade,Genesaret Sø
Sumatra,Sumatra,Sumatra,Sumatra,Sumatra,Sumatra,Суматра,Sumatra,Sumatra,Sumatra,苏门答腊岛(Sumatra),蘇門答臘 (Sumatra),Sumatra,Sumatra,Sumatra
Sicily,Sizilien,Sicilia,Sicile,Sicilia,Sicílie,Сицилия,Sicilië,Sicilien,Sicília,西西里岛(Sicily),西西里島 (Sicily),Sycylia,Sicilia,Sicilien
Mayotte,Mayotte,Mayotte,Mayotte,Mayotte,Mayotte,Майотта,Mayotte,Mayotte,Maiote,马约特岛(Mayotte),馬約特島 (Mayotte),Majotta,Mayotte,Mayotte
Réunion,La Réunion,Reunión,La Réunion,Réunion,Réunion,Реюньон,Réunion,Réunion,Reunião,留尼汪岛(Réunion),留尼旺島 (Réunion),Reunion,La Riunione,Réunion
Falkland Islands,Falklandinseln,Islas Malvinas,Îles Malouines,Falklandsøyene,Falklandy,Фолклендские острова,Falklandeilanden,Falklandsöarna,Ilhas Malvinas,福克兰群岛(Falkland Islands),福克蘭群島 (Falkland Islands),Falklandy,Isole Falkland,Falklandsøerne
Europe,Europa,Europa,Europe,Europa,Evropa,Европа,Europa,Europa,Europa,欧洲(Europe),歐洲 (Europe),Europa,Europa,Europa
North America,Nordamerika,América del Norte,Amérique du Nord,Nord-Amerika,Severní Amerika,Северная Америка,Noord-Amerika,Nordamerika,América do Norte,北美洲(North America),北美洲 (North America),Ameryka Północna,America del Nord,Nordamerika
South America,Südamerika,América del Sur,Amérique du Sud,Sør-Amerika,Jižní Amerika,Южная Америка,Zuid-Amerika,Sydamerika,América do Sul,南美洲(South America),南美洲 (South America),Ameryka Południowa,America meridionale,Sydamerika
Asia,Asien,Asia,Asie,Asia,Asie,Азия,Azië,Asien,Ásia,亚洲(Asia),亞洲 (Asia),Azja,Asia,Asien
Africa,Afrika,África,Afrique,Afrika,Afrika,Африка,Afrika,Afrika,África,非洲(Africa),非洲 (Africa),Afryka,Africa,Afrika
Oceania,Ozeanien,Oceanía,Océanie,Oseania,Oceánie,Австралия и Океания,Oceanië,Oceanien,Oceania,大洋洲(Oceania),大洋洲 (Oceania),Oceania,Oceania,Oceanien
Antarctica,Antarktis,Antártida,Antarctique,Antarktis,Antarktida,Антарктида,Antarctica,Antarktis,Antártica,南极洲(Antarctica),南極洲 (Antarctica),Antarktyda,Antartide,Antarktis
Saint Martin,Saint-Martin,San Martín (Francia),Saint-Martin (Antilles françaises),Saint-Martin,Svatý Martin (francouzská část),Сен-Мартен,Sint-Maarten (Franse Antillen),Saint Martin,São Martinho (França),圣马丁(Saint Martin),聖馬丁 (Saint Martin),Saint-Martin,Saint-Martin,Saint-Martin
Wallis and Futuna,Wallis und Futuna,Wallis y Futuna,Wallis-et-Futuna,Wallis og Futuna,Wallis a Futuna,Уоллис и Футуна,Wallis en Futuna,Wallis- och Futunaöarna,Wallis e Futuna,瓦利斯和富图纳群岛(Wallis and Futuna),瓦利斯群島和富圖那群島 (Wallis and Futuna),Wallis i Futuna,Wallis e Futuna,Wallis og Futuna
Akrotiri and Dhekelia,Akrotiri und Dekelia,Acrotiri y Dhekelia,Akrotiri et Dhekelia,Akrotiri og Dekelia,Akrotiri a Dekelia,Акротири и Декелия,Akrotiri en Dhekelia,Akrotiri och Dhekelia,Acrotíri e Deceleia,阿克罗蒂里和德凯利亚(Akrotiri and Dhekelia),亞克羅提利與德凱利亞 (Akrotiri and Dhekelia),Akrotiri i Dhekelia,Akrotiri e Dhekelia,Akrotiri og Dhekelia
Svalbard,Spitzbergen,Svalbard,Svalbard,Svalbard,Špicberky,Шпицберген,Spitsbergen,Svalbard,Esvalbarda,斯瓦尔巴群岛(Svalbard),斯瓦巴 (Svalbard),Svalbard,Svalbard,Svalbard
Hawaii,Hawaii,Hawái,Hawaï,Hawaii,Havaj,Гавайи,Hawaï,Hawaii,Havaí,夏威夷(Hawaii),夏威夷 (Hawaii),Hawaje,Hawaii,Hawaii
Alaska,Alaska,Alaska,Alaska,Alaska,Aljaška,Аляска,Alaska,Alaska,Alasca,阿拉斯加(Alaska),阿拉斯加 (Alaska),Alaska,Alaska,Alaska
Bougainville,Bougainville,Bougainville,Bougainville,Bougainville,Bougainville,Бугенвиль,Bougainville,Bougainville,Bougainville,布干维尔(Bougainville),布干維爾島 (Bougainville),Bougainville,Bougainville,Bougainville
Jeju,Jeju-do,Jeju,Jeju,Jeju,Čedžu,Чеджудо,Jeju,Jeju,Jeju,济州岛(Jeju),濟州市 (Jeju),Czedżu,Jeju,Cheju-do
Banda Sea,Bandasee,Mar de Banda,Mer de Banda,Bandasjøen,Bandské moře,Море Банда,Bandazee,Bandasjön,Mar de Banda,班达海(Banda Sea),班達海 (Banda Sea),Morze Banda,Mar di Banda,Bandahavet
Barents Sea,Barentssee,Mar de Barents,Mer de Barents,Barentshavet,Barentsovo moře,Баренцево море,Barentszzee,Barents hav,Mar de Barents,巴伦支海(Barents Sea),巴倫支海 (Barents Sea),Morze Barentsa,Mare di Barents,Barentshavet
Celebes Sea,Celebessee,Mar de Célebes,Mer de Célèbes,Celebessjøen,Celebeské moře,Море Сулавеси,Celebeszee,Sulawesisjön,Mar de Celebes,"苏拉威西海(Celebes Sea, 亦称西里伯斯海)",西里伯斯海(蘇拉威西海) (Celebes Sea),Morze Celebes,Mare di Celebes,Celebeshavet
East China Sea,Ostchinesisches Meer,Mar de la China Oriental,Mer de Chine orientale,Øst-Kina-havet,Východočínské moře,Восточно-Китайское море,Oost-Chinese Zee,Östkinesiska havet,Mar da China Oriental,东海(East China Sea),東海 (East China Sea),Morze Wschodniochińskie,Mar Cinese Orientale,Det Østkinesiske Hav
Gulf of Alaska,Golf von Alaska,Golfo de Alaska,Golfe d'Alaska,Alaskabukta,Aljašský záliv,Залив Аляска,Golf van Alaska,Alaskagolfen,Golfo do Alasca,阿拉斯加湾(Gulf of Alaska),阿拉斯加灣 (Gulf of Alaska),Zatoka Alaska,Golfo dell'Alaska,Alaskagolfen
Gulf of Guinea,Golf von Guinea,Golfo de Guinea,Golfe de Guinée,Guineabukta,Guinejský záliv,Гвинейский залив,Golf van Guinee,Guineabukten,Golfo da Guiné,几内亚湾(Gulf of Guinea),幾內亞灣 (Gulf of Guinea),Zatoka Gwinejska,Golfo di Guinea,Guineabugten
North Sea,Nordsee,Mar del Norte,Mer du Nord,Nordsjøen,Severní moře,Северное море,Noordzee,Nordsjön,Mar do Norte,北海(North Sea),北海 (North Sea),Morze Północne,Mare del Nord,Nordsøen
Sea of Okhotsk,Ochotskisches Meer,Mar de Ojotsk,Mer d'Okhotsk,Okhotskhavet,Ochotské moře,Охотское море,Zee van Ochotsk,Ochotska havet,Mar de Okhotsk,鄂霍次克海(Sea of Okhotsk),鄂霍次克海 (Sea of Okhotsk),Morze Ochockie,Mare di Ochotsk,Det Okhotske Hav
Timor Sea,Timorsee,Mar de Timor,Mer de Timor,Timorsjøen,Timorské moře,Тиморское море,Timorzee,Timorsjön,Mar de Timor,帝汶海(Timor Sea),帝汶海 (Timor Sea),Morze Timor,Mar di Timor,Timorhavet