country,flag,map,region code,tags
England,"<img src=""ug-flag-england.svg"" />","<img src=""ug-map-england.png"" />",,UG::Europe
Scotland,"<img src=""ug-flag-scotland.svg"" />","<img src=""ug-map-scotland.png"" />",,UG::Europe
United Kingdom,"<img src=""ug-flag-united_kingdom.svg"" />","<img src=""ug-map-united_kingdom.png"" />",GB,"UG::Europe, UG::Sovereign_State"
Northern Ireland,,"<img src=""ug-map-northern_ireland.png"" />",,UG::Europe
France,"<img src=""ug-flag-france.svg"" />","<img src=""ug-map-france.png"" />",FR,"UG::Europe, UG::European_Union, UG::Mediterranean, UG::Sovereign_State"
Wales,"<img src=""ug-flag-wales.svg"" />","<img src=""ug-map-wales.png"" />",,UG::Europe
Georgia,"<img src=""ug-flag-georgia.svg"" />","<img src=""ug-map-georgia.png"" />",GE,"UG::Europe, UG::Sovereign_State"
Germany,"<img src=""ug-flag-germany.svg"" />","<img src=""ug-map-germany.png"" />",DE,"UG::Europe, UG::European_Union, UG::Sovereign_State"
Greece,"<img src=""ug-flag-greece.svg"" />","<img src=""ug-map-greece.png"" />",GR,"UG::Europe, UG::European_Union, UG::Mediterranean, UG::Sovereign_State"
Greenland,"<img src=""ug-flag-greenland.svg"" />","<img src=""ug-map-greenland.png"" />",GL,UG::North_America
Hungary,"<img src=""ug-flag-hungary.svg"" />","<img src=""ug-map-hungary.png"" />",HU,"UG::Europe, UG::European_Union, UG::Sovereign_State"
Albania,"<img src=""ug-flag-albania.svg"" />","<img src=""ug-map-albania.png"" />",AL,"UG::Europe, UG::Mediterranean, UG::Sovereign_State"
Andorra,"<img src=""ug-flag-andorra.svg"" />","<img src=""ug-map-andorra.png"" />",AD,"UG::Europe, UG::Sovereign_State"
Austria,"<img src=""ug-flag-austria.svg"" />","<img src=""ug-map-austria.png"" />",AT,"UG::Europe, UG::European_Union, UG::Sovereign_State"
Azerbaijan,"<img src=""ug-flag-azerbaijan.svg"" />","<img src=""ug-map-azerbaijan.png"" />",AZ,"UG::Europe, UG::Sovereign_State"
Belarus,"<img src=""ug-flag-belarus.svg"" />","<img src=""ug-map-belarus.png"" />",BY,"UG::Europe, UG::Sovereign_State"
Belgium,"<img src=""ug-flag-belgium.svg"" />","<img src=""ug-map-belgium.png"" />",BE,"UG::Europe, UG::European_Union, UG::Sovereign_State"
Bosnia and Herzegovina,"<img src=""ug-flag-bosnia_and_herzegovina.svg"" />","<img src=""ug-map-bosnia_and_herzegovina.png"" />",BA,"UG::Europe, UG::Mediterranean, UG::Sovereign_State"
Bulgaria,"<img src=""ug-flag-bulgaria.svg"" />","<img src=""ug-map-bulgaria.png"" />",BG,"UG::Europe, UG::European_Union, UG::Sovereign_State"
Croatia,"<img src=""ug-flag-croatia.svg"" />","<img src=""ug-map-croatia.png"" />",HR,"UG::Europe, UG::European_Union, UG::Mediterranean, UG::Sovereign_State"
Czech Republic,"<img src=""ug-flag-czech_republic.svg"" />","<img src=""ug-map-czech_republic.png"" />",CZ,"UG::Europe, UG::European_Union, UG::Sovereign_State"
Denmark,"<img src=""ug-flag-denmark.svg"" />","<img src=""ug-map-denmark.png"" />",DK,"UG::Europe, UG::European_Union, UG::Sovereign_State"
Estonia,"<img src=""ug-flag-estonia.svg"" />","<img src=""ug-map-estonia.png"" />",EE,"UG::Europe, UG::European_Union, UG::Sovereign_State"
Faroe Islands,"<img src=""ug-flag-faroe_islands.svg"" />","<img src=""ug-map-faroe_islands.png"" />",FO,UG::Europe
Finland,"<img src=""ug-flag-finland.svg"" />","<img src=""ug-map-finland.png"" />",FI,"UG::Europe, UG::European_Union, UG::Sovereign_State"
Iceland,"<img src=""ug-flag-iceland.svg"" />","<img src=""ug-map-iceland.png"" />",IS,"UG::Europe, UG::Sovereign_State"
Ireland,"<img src=""ug-flag-ireland.svg"" />","<img src=""ug-map-ireland.png"" />",IE,"UG::Europe, UG::European_Union, UG::Sovereign_State"
Italy,"<img src=""ug-flag-italy.svg"" />","<img src=""ug-map-italy.png"" />",IT,"UG::Europe, UG::European_Union, UG::Mediterranean, UG::Sovereign_State"
Latvia,"<img src=""ug-flag-latvia.svg"" />","<img src=""ug-map-latvia.png"" />",LV,"UG::Europe, UG::European_Union, UG::Sovereign_State"
Liechtenstein,"<img src=""ug-flag-liechtenstein.svg"" />","<img src=""ug-map-liechtenstein.png"" />",,"UG::Europe, UG::Sovereign_State"
Lithuania,"<img src=""ug-flag-lithuania.svg"" />","<img src=""ug-map-lithuania.png"" />",LT,"UG::Europe, UG::European_Union, UG::Sovereign_State"
Luxembourg,"<img src=""ug-flag-luxembourg.svg"" />","<img src=""ug-map-luxembourg.png"" />",LU,"UG::Europe, UG::European_Union, UG::Sovereign_State"
North Macedonia,"<img src=""ug-flag-north_macedonia.svg"" />","<img src=""ug-map-north_macedonia.png"" />",MK,"UG::Europe, UG::Sovereign_State"
Malta,"<img src=""ug-flag-malta.svg"" />","<img src=""ug-map-malta.png"" />",,"UG::Europe, UG::European_Union, UG::Mediterranean, UG::Sovereign_State"
Moldova,"<img src=""ug-flag-moldova.svg"" />","<img src=""ug-map-moldova.png"" />",MD,"UG::Europe, UG::Sovereign_State"
Monaco,"<img src=""ug-flag-monaco.svg"" />","<img src=""ug-map-monaco.png"" />",,"UG::Europe, UG::Mediterranean, UG::Sovereign_State"
Montenegro,"<img src=""ug-flag-montenegro.svg"" />","<img src=""ug-map-montenegro.png"" />",ME,"UG::Europe, UG::Mediterranean, UG::Sovereign_State"
Netherlands,"<img src=""ug-flag-netherlands.svg"" />","<img src=""ug-map-netherlands.png"" />",NL,"UG::Europe, UG::European_Union, UG::Sovereign_State"
Norway,"<img src=""ug-flag-norway.svg"" />","<img src=""ug-map-norway.png"" />",NO,"UG::Europe, UG::Sovereign_State"
Poland,"<img src=""ug-flag-poland.svg"" />","<img src=""ug-map-poland.png"" />",PL,"UG::Europe, UG::European_Union, UG::Sovereign_State"
Portugal,"<img src=""ug-flag-portugal.svg"" />","<img src=""ug-map-portugal.png"" />",PT,"UG::Europe, UG::European_Union, UG::Sovereign_State"
Romania,"<img src=""ug-flag-romania.svg"" />","<img src=""ug-map-romania.png"" />",RO,"UG::Europe, UG::European_Union, UG::Sovereign_State"
Russia,"<img src=""ug-flag-russia.svg"" />","<img src=""ug-map-russia.png"" />",RU,"UG::Europe, UG::Sovereign_State"
San Marino,"<img src=""ug-flag-san_marino.svg"" />","<img src=""ug-map-san_marino.png"" />",,"UG::Europe, UG::Sovereign_State"
Serbia,"<img src=""ug-flag-serbia.svg"" />","<img src=""ug-map-serbia.png"" />",RS,"UG::Europe, UG::Sovereign_State"
Slovakia,"<img src=""ug-flag-slovakia.svg"" />","<img src=""ug-map-slovakia.png"" />",SK,"UG::Europe, UG::European_Union, UG::Sovereign_State"
Slovenia,"<img src=""ug-flag-slovenia.svg"" />","<img src=""ug-map-slovenia.png"" />",SI,"UG::Europe, UG::European_Union, UG::Mediterranean, UG::Sovereign_State"
Spain,"<img src=""ug-flag-spain.svg"" />","<img src=""ug-map-spain.png"" />",ES,"UG::Europe, UG::European_Union, UG::Mediterranean, UG::Sovereign_State"
Sweden,"<img src=""ug-flag-sweden.svg"" />","<img src=""ug-map-sweden.png"" />",SE,"UG::Europe, UG::European_Union, UG::Sovereign_State"
Switzerland,"<img src=""ug-flag-switzerland.svg"" />","<img src=""ug-map-switzerland.png"" />",CH,"UG::Europe, UG::Sovereign_State"
Turkey,"<img src=""ug-flag-turkey.svg"" />","<img src=""ug-map-turkey.png"" />",TR,"UG::Asia, UG::Mediterranean, UG::Middle_East, UG::Sovereign_State"
Ukraine,"<img src=""ug-flag-ukraine.svg"" />","<img src=""ug-map-ukraine.png"" />",UA,"UG::Europe, UG::Sovereign_State"
Vatican City,"<img src=""ug-flag-vatican_city.svg"" />","<img src=""ug-map-vatican_city.png"" />",,"UG::Europe, UG::Sovereign_State"
Armenia,"<img src=""ug-flag-armenia.svg"" />","<img src=""ug-map-armenia.png"" />",AM,"UG::Europe, UG::Sovereign_State"
Cyprus,"<img src=""ug-flag-cyprus.svg"" />","<img src=""ug-map-cyprus.png"" />",CY,"UG::Asia, UG::European_Union, UG::Mediterranean, UG::Middle_East, UG::Sovereign_State"
Kazakhstan,"<img src=""ug-flag-kazakhstan.svg"" />","<img src=""ug-map-kazakhstan.png"" />",KZ,"UG::Asia, UG::Sovereign_State"
Egypt,"<img src=""ug-flag-egypt.svg"" />","<img src=""ug-map-egypt.png"" />",EG,"UG::Africa, UG::Mediterranean, UG::Middle_East, UG::Sovereign_State"
Algeria,"<img src=""ug-flag-algeria.svg"" />","<img src=""ug-map-algeria.png"" />",DZ,"UG::Africa, UG::Mediterranean, UG::Sovereign_State"
Angola,"<img src=""ug-flag-angola.svg"" />","<img src=""ug-map-angola.png"" />",AO,"UG::Africa, UG::Sovereign_State"
Benin,"<img src=""ug-flag-benin.svg"" />","<img src=""ug-map-benin.png"" />",BJ,"UG::Africa, UG::Sovereign_State, UG::West_Africa"
Botswana,"<img src=""ug-flag-botswana.svg"" />","<img src=""ug-map-botswana.png"" />",BW,"UG::Africa, UG::Sovereign_State"
Burkina Faso,"<img src=""ug-flag-burkina_faso.svg"" />","<img src=""ug-map-burkina_faso.png"" />",BF,"UG::Africa, UG::Sovereign_State, UG::West_Africa"
Cameroon,"<img src=""ug-flag-cameroon.svg"" />","<img src=""ug-map-cameroon.png"" />",CM,"UG::Africa, UG::Sovereign_State"
Burundi,"<img src=""ug-flag-burundi.svg"" />","<img src=""ug-map-burundi.png"" />",BI,"UG::Africa, UG::East_Africa, UG::Sovereign_State"
Cape Verde,"<img src=""ug-flag-cape_verde.svg"" />","<img src=""ug-map-cape_verde.png"" />",CV,"UG::Africa, UG::Sovereign_State, UG::West_Africa"
São Tomé and Príncipe,"<img src=""ug-flag-sao_tome_and_principe.svg"" />","<img src=""ug-map-sao_tome_and_principe.png"" />",ST,"UG::Africa, UG::Sovereign_State"
Central African Republic,"<img src=""ug-flag-central_african_republic.svg"" />","<img src=""ug-map-central_african_republic.png"" />",CF,"UG::Africa, UG::Sovereign_State"
Chad,"<img src=""ug-flag-chad.svg"" />","<img src=""ug-map-chad.png"" />",TD,"UG::Africa, UG::Sovereign_State"
Equatorial Guinea,"<img src=""ug-flag-equatorial_guinea.svg"" />","<img src=""ug-map-equatorial_guinea.png"" />",GQ,"UG::Africa, UG::Sovereign_State"
Kenya,"<img src=""ug-flag-kenya.svg"" />","<img src=""ug-map-kenya.png"" />",KE,"UG::Africa, UG::East_Africa, UG::Sovereign_State"
Comoros,"<img src=""ug-flag-comoros.svg"" />","<img src=""ug-map-comoros.png"" />",KM,"UG::Africa, UG::East_Africa, UG::Sovereign_State"
Ivory Coast,"<img src=""ug-flag-ivory_coast.svg"" />","<img src=""ug-map-ivory_coast.png"" />",CI,"UG::Africa, UG::Sovereign_State, UG::West_Africa"
Democratic Republic of the Congo,"<img src=""ug-flag-democratic_republic_of_the_congo.svg"" />","<img src=""ug-map-democratic_republic_of_the_congo.png"" />",CD,"UG::Africa, UG::Sovereign_State"
Djibouti,"<img src=""ug-flag-djibouti.svg"" />","<img src=""ug-map-djibouti.png"" />",DJ,"UG::Africa, UG::East_Africa, UG::Sovereign_State"
Guinea-Bissau,"<img src=""ug-flag-guinea-bissau.svg"" />","<img src=""ug-map-guinea-bissau.png"" />",GW,"UG::Africa, UG::Sovereign_State, UG::West_Africa"
Eritrea,"<img src=""ug-flag-eritrea.svg"" />","<img src=""ug-map-eritrea.png"" />",ER,"UG::Africa, UG::East_Africa, UG::Sovereign_State"
Ethiopia,"<img src=""ug-flag-ethiopia.svg"" />","<img src=""ug-map-ethiopia.png"" />",ET,"UG::Africa, UG::East_Africa, UG::Sovereign_State"
Gabon,"<img src=""ug-flag-gabon.svg"" />","<img src=""ug-map-gabon.png"" />",GA,"UG::Africa, UG::Sovereign_State"
The Gambia,"<img src=""ug-flag-the_gambia.svg"" />","<img src=""ug-map-the_gambia.png"" />",GM,"UG::Africa, UG::Sovereign_State, UG::West_Africa"
Lesotho,"<img src=""ug-flag-lesotho.svg"" />","<img src=""ug-map-lesotho.png"" />",LS,"UG::Africa, UG::Sovereign_State"
Liberia,"<img src=""ug-flag-liberia.svg"" />","<img src=""ug-map-liberia.png"" />",LR,"UG::Africa, UG::Sovereign_State, UG::West_Africa"
Madagascar,"<img src=""ug-flag-madagascar.svg"" />","<img src=""ug-map-madagascar.png"" />",MG,"UG::Africa, UG::East_Africa, UG::Sovereign_State"
Malawi,"<img src=""ug-flag-malawi.svg"" />","<img src=""ug-map-malawi.png"" />",MW,"UG::Africa, UG::East_Africa, UG::Sovereign_State"
Mali,"<img src=""ug-flag-mali.svg"" />","<img src=""ug-map-mali.png"" />",ML,"UG::Africa, UG::Sovereign_State, UG::West_Africa"
Mauritania,"<img src=""ug-flag-mauritania.svg"" />","<img src=""ug-map-mauritania.png"" />",MR,"UG::Africa, UG::Sovereign_State, UG::West_Africa"
Mauritius,"<img src=""ug-flag-mauritius.svg"" />","<img src=""ug-map-mauritius.png"" />",MU,"UG::Africa, UG::East_Africa, UG::Sovereign_State"
Morocco,"<img src=""ug-flag-morocco.svg"" />","<img src=""ug-map-morocco.png"" />",MA,"UG::Africa, UG::Mediterranean, UG::Sovereign_State"
Mozambique,"<img src=""ug-flag-mozambique.svg"" />","<img src=""ug-map-mozambique.png"" />",MZ,"UG::Africa, UG::East_Africa, UG::Sovereign_State"
Namibia,"<img src=""ug-flag-namibia.svg"" />","<img src=""ug-map-namibia.png"" />",NA,"UG::Africa, UG::Sovereign_State"
Niger,"<img src=""ug-flag-niger.svg"" />","<img src=""ug-map-niger.png"" />",NE,"UG::Africa, UG::Sovereign_State, UG::West_Africa"
Nigeria,"<img src=""ug-flag-nigeria.svg"" />","<img src=""ug-map-nigeria.png"" />",NG,"UG::Africa, UG::Sovereign_State, UG::West_Africa"
Republic of the Congo,"<img src=""ug-flag-republic_of_the_congo.svg"" />","<img src=""ug-map-republic_of_the_congo.png"" />",CG,"UG::Africa, UG::Sovereign_State"
Rwanda,"<img src=""ug-flag-rwanda.svg"" />","<img src=""ug-map-rwanda.png"" />",RW,"UG::Africa, UG::East_Africa, UG::Sovereign_State"
Senegal,"<img src=""ug-flag-senegal.svg"" />","<img src=""ug-map-senegal.png"" />",SN,"UG::Africa, UG::Sovereign_State, UG::West_Africa"
Seychelles,"<img src=""ug-flag-seychelles.svg"" />","<img src=""ug-map-seychelles.png"" />",,"UG::Africa, UG::East_Africa, UG::Sovereign_State"
Sierra Leone,"<img src=""ug-flag-sierra_leone.svg"" />","<img src=""ug-map-sierra_leone.png"" />",SL,"UG::Africa, UG::Sovereign_State, UG::West_Africa"
South Africa,"<img src=""ug-flag-south_africa.svg"" />","<img src=""ug-map-south_africa.png"" />",ZA,"UG::Africa, UG::Sovereign_State"
Sudan,"<img src=""ug-flag-sudan.svg"" />","<img src=""ug-map-sudan.png"" />",SD,"UG::Africa, UG::Sovereign_State"
Eswatini,"<img src=""ug-flag-eswatini.svg"" />","<img src=""ug-map-eswatini.png"" />",SZ,"UG::Africa, UG::Sovereign_State"
Tanzania,"<img src=""ug-flag-tanzania.svg"" />","<img src=""ug-map-tanzania.png"" />",TZ,"UG::Africa, UG::East_Africa, UG::Sovereign_State"
Togo,"<img src=""ug-flag-togo.svg"" />","<img src=""ug-map-togo.png"" />",TG,"UG::Africa, UG::Sovereign_State, UG::West_Africa"
Tunisia,"<img src=""ug-flag-tunisia.svg"" />","<img src=""ug-map-tunisia.png"" />",TN,"UG::Africa, UG::Mediterranean, UG::Sovereign_State"
Uganda,"<img src=""ug-flag-uganda.svg"" />","<img src=""ug-map-uganda.png"" />",UG,"UG::Africa, UG::East_Africa, UG::Sovereign_State"
Sahrawi Arab Democratic Republic,"<img src=""ug-flag-sahrawi_arab_democratic_republic.svg"" />","<img src=""ug-map-sahrawi_arab_democratic_republic.png"" />",,"UG::Africa, UG::Sovereign_State"
Zambia,"<img src=""ug-flag-zambia.svg"" />","<img src=""ug-map-zambia.png"" />",ZM,"UG::Africa, UG::East_Africa, UG::Sovereign_State"
Zimbabwe,"<img src=""ug-flag-zimbabwe.svg"" />","<img src=""ug-map-zimbabwe.png"" />",ZW,"UG::Africa, UG::East_Africa, UG::Sovereign_State"
Canary Islands,,"<img src=""ug-map-canary_islands.png"" />",,UG::Africa
Afghanistan,"<img src=""ug-flag-afghanistan.svg"" />","<img src=""ug-map-afghanistan.png"" />",AF,"UG::Asia, UG::Sovereign_State"
Bahrain,"<img src=""ug-flag-bahrain.svg"" />","<img src=""ug-map-bahrain.png"" />",BH,"UG::Asia, UG::Middle_East, UG::Sovereign_State"
Bangladesh,"<img src=""ug-flag-bangladesh.svg"" />","<img src=""ug-map-bangladesh.png"" />",BD,"UG::Asia, UG::Sovereign_State"
Bhutan,"<img src=""ug-flag-bhutan.svg"" />","<img src=""ug-map-bhutan.png"" />",BT,"UG::Asia, UG::Sovereign_State"
Brunei,"<img src=""ug-flag-brunei.svg"" />","<img src=""ug-map-brunei.png"" />",BN,"UG::Asia, UG::Southeast_Asia, UG::Sovereign_State"
China,"<img src=""ug-flag-china.svg"" />","<img src=""ug-map-china.png"" />",CN,"UG::Asia, UG::Sovereign_State"
Cambodia,"<img src=""ug-flag-cambodia.svg"" />","<img src=""ug-map-cambodia.png"" />",KH,"UG::Asia, UG::Southeast_Asia, UG::Sovereign_State"
Indonesia,"<img src=""ug-flag-indonesia.svg"" />","<img src=""ug-map-indonesia.png"" />",ID,"UG::Asia, UG::Southeast_Asia, UG::Sovereign_State"
India,"<img src=""ug-flag-india.svg"" />","<img src=""ug-map-india.png"" />",IN,"UG::Asia, UG::Sovereign_State"
Hong Kong,"<img src=""ug-flag-hong_kong.svg"" />","<img src=""ug-map-hong_kong.png"" />",HK,UG::Asia
Iran,"<img src=""ug-flag-iran.svg"" />","<img src=""ug-map-iran.png"" />",IR,"UG::Asia, UG::Middle_East, UG::Sovereign_State"
Israel,"<img src=""ug-flag-israel.svg"" />","<img src=""ug-map-israel.png"" />",IL,"UG::Asia, UG::Mediterranean, UG::Middle_East, UG::Sovereign_State"
Iraq,"<img src=""ug-flag-iraq.svg"" />","<img src=""ug-map-iraq.png"" />",IQ,"UG::Asia, UG::Middle_East, UG::Sovereign_State"
South Korea,"<img src=""ug-flag-south_korea.svg"" />","<img src=""ug-map-south_korea.png"" />",KR,"UG::Asia, UG::Sovereign_State"
North Korea,"<img src=""ug-flag-north_korea.svg"" />","<img src=""ug-map-north_korea.png"" />",KP,"UG::Asia, UG::Sovereign_State"
Jordan,"<img src=""ug-flag-jordan.svg"" />","<img src=""ug-map-jordan.png"" />",JO,"UG::Asia, UG::Middle_East, UG::Sovereign_State"
Japan,"<img src=""ug-flag-japan.svg"" />","<img src=""ug-map-japan.png"" />",JP,"UG::Asia, UG::Sovereign_State"
Lebanon,"<img src=""ug-flag-lebanon.svg"" />","<img src=""ug-map-lebanon.png"" />",LB,"UG::Asia, UG::Mediterranean, UG::Middle_East, UG::Sovereign_State"
Laos,"<img src=""ug-flag-laos.svg"" />","<img src=""ug-map-laos.png"" />",LA,"UG::Asia, UG::Southeast_Asia, UG::Sovereign_State"
Kyrgyzstan,"<img src=""ug-flag-kyrgyzstan.svg"" />","<img src=""ug-map-kyrgyzstan.png"" />",KG,"UG::Asia, UG::Sovereign_State"
Kuwait,"<img src=""ug-flag-kuwait.svg"" />","<img src=""ug-map-kuwait.png"" />",KW,"UG::Asia, UG::Middle_East, UG::Sovereign_State"
Myanmar,"<img src=""ug-flag-myanmar.svg"" />","<img src=""ug-map-myanmar.png"" />",MM,"UG::Asia, UG::Southeast_Asia, UG::Sovereign_State"
Mongolia,"<img src=""ug-flag-mongolia.svg"" />","<img src=""ug-map-mongolia.png"" />",MN,"UG::Asia, UG::Sovereign_State"
Maldives,"<img src=""ug-flag-maldives.svg"" />","<img src=""ug-map-maldives.png"" />",,"UG::Asia, UG::Sovereign_State"
Malaysia,"<img src=""ug-flag-malaysia.svg"" />","<img src=""ug-map-malaysia.png"" />",MY,"UG::Asia, UG::Southeast_Asia, UG::Sovereign_State"
Oman,"<img src=""ug-flag-oman.svg"" />","<img src=""ug-map-oman.png"" />",OM,"UG::Asia, UG::Middle_East, UG::Sovereign_State"
Nepal,"<img src=""ug-flag-nepal-nobox.svg"" />","<img src=""ug-map-nepal.png"" />",NP,"UG::Asia, UG::Sovereign_State"
Palestine,"<img src=""ug-flag-palestine.svg"" />","<img src=""ug-map-palestine.png"" />",PS,"UG::Asia, UG::Mediterranean, UG::Middle_East, UG::Sovereign_State"
Pakistan,"<img src=""ug-flag-pakistan.svg"" />","<img src=""ug-map-pakistan.png"" />",PK,"UG::Asia, UG::Sovereign_State"
Qatar,"<img src=""ug-flag-qatar.svg"" />","<img src=""ug-map-qatar.png"" />",QA,"UG::Asia, UG::Middle_East, UG::Sovereign_State"
Saudi Arabia,"<img src=""ug-flag-saudi_arabia.svg"" />","<img src=""ug-map-saudi_arabia.png"" />",SA,"UG::Asia, UG::Middle_East, UG::Sovereign_State"
Singapore,"<img src=""ug-flag-singapore.svg"" />","<img src=""ug-map-singapore.png"" />",SG,"UG::Asia, UG::Southeast_Asia, UG::Sovereign_State"
Syria,"<img src=""ug-flag-syria.svg"" />","<img src=""ug-map-syria.png"" />",SY,"UG::Asia, UG::Mediterranean, UG::Middle_East, UG::Sovereign_State"
Taiwan,"<img src=""ug-flag-taiwan.svg"" />","<img src=""ug-map-taiwan.png"" />",TW,"UG::Asia, UG::Sovereign_State"
Sri Lanka,"<img src=""ug-flag-sri_lanka.svg"" />","<img src=""ug-map-sri_lanka.png"" />",LK,"UG::Asia, UG::Sovereign_State"
Tajikistan,"<img src=""ug-flag-tajikistan.svg"" />","<img src=""ug-map-tajikistan.png"" />",TJ,"UG::Asia, UG::Sovereign_State"
Thailand,"<img src=""ug-flag-thailand.svg"" />","<img src=""ug-map-thailand.png"" />",TH,"UG::Asia, UG::Southeast_Asia, UG::Sovereign_State"
Timor-Leste,"<img src=""ug-flag-timor-leste.svg"" />","<img src=""ug-map-timor-leste.png"" />",TL,"UG::Asia, UG::Southeast_Asia, UG::Sovereign_State"
United Arab Emirates,"<img src=""ug-flag-united_arab_emirates.svg"" />","<img src=""ug-map-united_arab_emirates.png"" />",AE,"UG::Asia, UG::Middle_East, UG::Sovereign_State"
Turkmenistan,"<img src=""ug-flag-turkmenistan.svg"" />","<img src=""ug-map-turkmenistan.png"" />",TM,"UG::Asia, UG::Sovereign_State"
Yemen,"<img src=""ug-flag-yemen.svg"" />","<img src=""ug-map-yemen.png"" />",YE,"UG::Asia, UG::Middle_East, UG::Sovereign_State"
Vietnam,"<img src=""ug-flag-vietnam.svg"" />","<img src=""ug-map-vietnam.png"" />",VN,"UG::Asia, UG::Southeast_Asia, UG::Sovereign_State"
Uzbekistan,"<img src=""ug-flag-uzbekistan.svg"" />","<img src=""ug-map-uzbekistan.png"" />",UZ,"UG::Asia, UG::Sovereign_State"
Fiji,"<img src=""ug-flag-fiji.svg"" />","<img src=""ug-map-fiji.png"" />",FJ,"UG::Oceania, UG::Sovereign_State"
Papua New Guinea,"<img src=""ug-flag-papua_new_guinea.svg"" />","<img src=""ug-map-papua_new_guinea.png"" />",PG,"UG::Oceania, UG::Sovereign_State"
Australia,"<img src=""ug-flag-australia.svg"" />","<img src=""ug-map-australia.png"" />",AU,"UG::Oceania, UG::Sovereign_State"
Solomon Islands,"<img src=""ug-flag-solomon_islands.svg"" />","<img src=""ug-map-solomon_islands.png"" />",SB,"UG::Oceania, UG::Sovereign_State"
Argentina,"<img src=""ug-flag-argentina.svg"" />","<img src=""ug-map-argentina.png"" />",AR,"UG::South_America, UG::Sovereign_State"
Bolivia,"<img src=""ug-flag-bolivia-blur.svg"" /><img src=""ug-flag-bolivia.svg"" />","<img src=""ug-map-bolivia.png"" />",BO,"UG::South_America, UG::Sovereign_State"
Brazil,"<img src=""ug-flag-brazil.svg"" />","<img src=""ug-map-brazil.png"" />",BR,"UG::South_America, UG::Sovereign_State"
Chile,"<img src=""ug-flag-chile.svg"" />","<img src=""ug-map-chile.png"" />",CL,"UG::South_America, UG::Sovereign_State"
Colombia,"<img src=""ug-flag-colombia.svg"" />","<img src=""ug-map-colombia.png"" />",CO,"UG::South_America, UG::Sovereign_State"
Ecuador,"<img src=""ug-flag-ecuador.svg"" />","<img src=""ug-map-ecuador.png"" />",EC,"UG::South_America, UG::Sovereign_State"
Guyana,"<img src=""ug-flag-guyana.svg"" />","<img src=""ug-map-guyana.png"" />",GY,"UG::South_America, UG::Sovereign_State"
Paraguay,"<img src=""ug-flag-paraguay-blur.svg"" /><img src=""ug-flag-paraguay.svg"" />","<img src=""ug-map-paraguay.png"" />",PY,"UG::South_America, UG::Sovereign_State"
Peru,"<img src=""ug-flag-peru.svg"" />","<img src=""ug-map-peru.png"" />",PE,"UG::South_America, UG::Sovereign_State"
Suriname,"<img src=""ug-flag-suriname.svg"" />","<img src=""ug-map-suriname.png"" />",SR,"UG::South_America, UG::Sovereign_State"
Uruguay,"<img src=""ug-flag-uruguay.svg"" />","<img src=""ug-map-uruguay.png"" />",UY,"UG::South_America, UG::Sovereign_State"
Venezuela,"<img src=""ug-flag-venezuela.svg"" />","<img src=""ug-map-venezuela.png"" />",VE,"UG::South_America, UG::Sovereign_State"
Cook Islands,"<img src=""ug-flag-cook_islands.svg"" />","<img src=""ug-map-cook_islands.png"" />",,"UG::Oceania, UG::Sovereign_State"
Federated States of Micronesia,"<img src=""ug-flag-federated_states_of_micronesia.svg"" />","<img src=""ug-map-federated_states_of_micronesia.png"" />",,"UG::Oceania, UG::Sovereign_State"
Guam,"<img src=""ug-flag-guam-blur.svg"" /><img src=""ug-flag-guam.svg"" />","<img src=""ug-map-guam.png"" />",,UG::Oceania
Vanuatu,"<img src=""ug-flag-vanuatu.svg"" />","<img src=""ug-map-vanuatu.png"" />",VU,"UG::Oceania, UG::Sovereign_State"
Canada,"<img src=""ug-flag-canada.svg"" />","<img src=""ug-map-canada.png"" />",CA,"UG::North_America, UG::Sovereign_State"
United States of America,"<img src=""ug-flag-united_states_of_america.svg"" />","<img src=""ug-map-united_states_of_america.png"" />",US,"UG::North_America, UG::Sovereign_State"
Mexico,"<img src=""ug-flag-mexico.svg"" />","<img src=""ug-map-mexico.png"" />",MX,"UG::North_America, UG::Sovereign_State"
Puerto Rico,"<img src=""ug-flag-puerto_rico.svg"" />","<img src=""ug-map-puerto_rico.png"" />",PR,"UG::Caribbean, UG::North_America"
Cuba,"<img src=""ug-flag-cuba.svg"" />","<img src=""ug-map-cuba.png"" />",CU,"UG::Caribbean, UG::North_America, UG::Sovereign_State"
Dominican Republic,"<img src=""ug-flag-dominican_republic.svg"" />","<img src=""ug-map-dominican_republic.png"" />",DO,"UG::Caribbean, UG::North_America, UG::Sovereign_State"
Haiti,"<img src=""ug-flag-haiti.svg"" />","<img src=""ug-map-haiti.png"" />",HT,"UG::Caribbean, UG::North_America, UG::Sovereign_State"
Jamaica,"<img src=""ug-flag-jamaica.svg"" />","<img src=""ug-map-jamaica.png"" />",JM,"UG::Caribbean, UG::North_America, UG::Sovereign_State"
Trinidad and Tobago,"<img src=""ug-flag-trinidad_and_tobago.svg"" />","<img src=""ug-map-trinidad_and_tobago.png"" />",TT,"UG::Caribbean, UG::North_America, UG::Sovereign_State"
Bermuda,,"<img src=""ug-map-bermuda.png"" />",,"UG::Caribbean, UG::North_America"
Guadeloupe,,"<img src=""ug-map-guadeloupe.png"" />",GP,"UG::Caribbean, UG::North_America"
The Bahamas,"<img src=""ug-flag-the_bahamas.svg"" />","<img src=""ug-map-the_bahamas.png"" />",BS,"UG::Caribbean, UG::North_America, UG::Sovereign_State"
Barbados,"<img src=""ug-flag-barbados.svg"" />","<img src=""ug-map-barbados.png"" />",BB,"UG::Caribbean, UG::North_America, UG::Sovereign_State"
Belize,"<img src=""ug-flag-belize.svg"" />","<img src=""ug-map-belize.png"" />",BZ,"UG::North_America, UG::Sovereign_State"
Costa Rica,"<img src=""ug-flag-costa_rica-blur.svg"" /><img src=""ug-flag-costa_rica.svg"" />","<img src=""ug-map-costa_rica.png"" />",CR,"UG::North_America, UG::Sovereign_State"
El Salvador,"<img src=""ug-flag-el_salvador-blur.svg"" /><img src=""ug-flag-el_salvador.svg"" />","<img src=""ug-map-el_salvador.png"" />",SV,"UG::North_America, UG::Sovereign_State"
Guatemala,"<img src=""ug-flag-guatemala.svg"" />","<img src=""ug-map-guatemala.png"" />",GT,"UG::North_America, UG::Sovereign_State"
Honduras,"<img src=""ug-flag-honduras.svg"" />","<img src=""ug-map-honduras.png"" />",HN,"UG::North_America, UG::Sovereign_State"
Nicaragua,"<img src=""ug-flag-nicaragua-blur.svg"" /><img src=""ug-flag-nicaragua.svg"" />","<img src=""ug-map-nicaragua.png"" />",NI,"UG::North_America, UG::Sovereign_State"
Panama,"<img src=""ug-flag-panama.svg"" />","<img src=""ug-map-panama.png"" />",PA,"UG::North_America, UG::Sovereign_State"
Antigua and Barbuda,"<img src=""ug-flag-antigua_and_barbuda.svg"" />","<img src=""ug-map-antigua_and_barbuda.png"" />",AG,"UG::Caribbean, UG::North_America, UG::Sovereign_State"
Dominica,"<img src=""ug-flag-dominica.svg"" />","<img src=""ug-map-dominica.png"" />",DM,"UG::Caribbean, UG::North_America, UG::Sovereign_State"
Saint Vincent and the Grenadines,"<img src=""ug-flag-saint_vincent_and_the_grenadines.svg"" />","<img src=""ug-map-saint_vincent_and_the_grenadines.png"" />",,"UG::Caribbean, UG::North_America, UG::Sovereign_State"
Somalia,"<img src=""ug-flag-somalia.svg"" />","<img src=""ug-map-somalia.png"" />",SO,"UG::Africa, UG::East_Africa, UG::Sovereign_State"
Zanzibar,,"<img src=""ug-map-zanzibar.png"" />",,UG::Africa
Ghana,"<img src=""ug-flag-ghana.svg"" />","<img src=""ug-map-ghana.png"" />",GH,"UG::Africa, UG::Sovereign_State, UG::West_Africa"
Guinea,"<img src=""ug-flag-guinea.svg"" />","<img src=""ug-map-guinea.png"" />",GN,"UG::Africa, UG::Sovereign_State, UG::West_Africa"
New Zealand,"<img src=""ug-flag-new_zealand.svg"" />","<img src=""ug-map-new_zealand.png"" />",NZ,"UG::Oceania, UG::Sovereign_State"
French Polynesia,"<img src=""ug-flag-french_polynesia.svg"" />","<img src=""ug-map-french_polynesia.png"" />",,UG::Oceania
Philippines,"<img src=""ug-flag-philippines.svg"" />","<img src=""ug-map-philippines.png"" />",PH,"UG::Asia, UG::Southeast_Asia, UG::Sovereign_State"
Kosovo,"<img src=""ug-flag-kosovo.svg"" />","<img src=""ug-map-kosovo.png"" />",,"UG::Europe, UG::Sovereign_State"
Libya,"<img src=""ug-flag-libya.svg"" />","<img src=""ug-map-libya.png"" />",LY,"UG::Africa, UG::Mediterranean, UG::Sovereign_State"
Palau,"<img src=""ug-flag-palau.svg"" />","<img src=""ug-map-palau.png"" />",,"UG::Oceania, UG::Sovereign_State"
Saint Lucia,"<img src=""ug-flag-saint_lucia.svg"" />","<img src=""ug-map-saint_lucia.png"" />",,"UG::Caribbean, UG::North_America, UG::Sovereign_State"
Bali,,"<img src=""ug-map-bali.png"" />",,UG::Asia
Grenada,"<img src=""ug-flag-grenada.svg"" />","<img src=""ug-map-grenada.png"" />",,"UG::Caribbean, UG::North_America, UG::Sovereign_State"
British Virgin Islands,,"<img src=""ug-map-british_virgin_islands.png"" />",,"UG::Caribbean, UG::North_America"
Turks and Caicos Islands,,"<img src=""ug-map-turks_and_caicos_islands.png"" />",,"UG::Caribbean, UG::North_America"
Cayman Islands,,"<img src=""ug-map-cayman_islands.png"" />",,"UG::Caribbean, UG::North_America"
Anguilla,,"<img src=""ug-map-anguilla.png"" />",,"UG::Caribbean, UG::North_America"
Azores,,"<img src=""ug-map-azores.png"" />",,UG::Europe
Curaçao,"<img src=""ug-flag-curacao.svg"" />","<img src=""ug-map-curacao.png"" />",,"UG::Caribbean, UG::North_America"
French Guiana,,"<img src=""ug-map-french_guiana.png"" />",GF,UG::South_America
Gibraltar,,"<img src=""ug-map-gibraltar.png"" />",,"UG::Europe, UG::Mediterranean"
Guernsey,,"<img src=""ug-map-guernsey.png"" />",,UG::Europe
Isle of Man,,"<img src=""ug-map-isle_of_man.png"" />",IM,UG::Europe
Jersey,,"<img src=""ug-map-jersey.png"" />",,UG::Europe
Kiribati,"<img src=""ug-flag-kiribati.svg"" />","<img src=""ug-map-kiribati.png"" />",,"UG::Oceania, UG::Sovereign_State"
Macau,"<img src=""ug-flag-macau.svg"" />","<img src=""ug-map-macau.png"" />",,UG::Asia
Madeira,,"<img src=""ug-map-madeira.png"" />",,UG::Europe
Marshall Islands,"<img src=""ug-flag-marshall_islands.svg"" />","<img src=""ug-map-marshall_islands.png"" />",,"UG::Oceania, UG::Sovereign_State"
Nauru,"<img src=""ug-flag-nauru.svg"" />","<img src=""ug-map-nauru.png"" />",,"UG::Oceania, UG::Sovereign_State"
New Caledonia,"<img src=""ug-flag-new_caledonia.svg"" />","<img src=""ug-map-new_caledonia.png"" />",NC,UG::Oceania
Niue,"<img src=""ug-flag-niue.svg"" />","<img src=""ug-map-niue.png"" />",,"UG::Oceania, UG::Sovereign_State"
Northern Cyprus,"<img src=""ug-flag-northern_cyprus.svg"" />","<img src=""ug-map-northern_cyprus.png"" />",,"UG::Asia, UG::Mediterranean, UG::Middle_East, UG::Sovereign_State"
Saint Kitts and Nevis,"<img src=""ug-flag-saint_kitts_and_nevis.svg"" />","<img src=""ug-map-saint_kitts_and_nevis.png"" />",,"UG::Caribbean, UG::North_America, UG::Sovereign_State"
Samoa,"<img src=""ug-flag-samoa.svg"" />","<img src=""ug-map-samoa.png"" />",,"UG::Oceania, UG::Sovereign_State"
Somaliland,"<img src=""ug-flag-somaliland.svg"" />","<img src=""ug-map-somaliland.png"" />",,"UG::Africa, UG::East_Africa, UG::Sovereign_State"
South Sudan,"<img src=""ug-flag-south_sudan.svg"" />","<img src=""ug-map-south_sudan.png"" />",SS,"UG::Africa, UG::East_Africa, UG::Sovereign_State"
Tuvalu,"<img src=""ug-flag-tuvalu.svg"" />","<img src=""ug-map-tuvalu.png"" />",,"UG::Oceania, UG::Sovereign_State"
United States Virgin Islands,"<img src=""ug-flag-united_states_virgin_islands.svg"" />","<img src=""ug-map-united_states_virgin_islands.png"" />",,"UG::Caribbean, UG::North_America"
Åland Islands,"<img src=""ug-flag-aland_islands.svg"" />","<img src=""ug-map-aland_islands.png"" />",AX,UG::Europe
South Ossetia,"<img src=""ug-flag-south_ossetia.svg"" />","<img src=""ug-map-south_ossetia.png"" />",,"UG::Europe, UG::Sovereign_State"
American Samoa,,"<img src=""ug-map-american_samoa.png"" />",,UG::Oceania
Northern Mariana Islands,,"<img src=""ug-map-northern_mariana_islands.png"" />",,UG::Oceania
Aruba,"<img src=""ug-flag-aruba.svg"" />","<img src=""ug-map-aruba.png"" />",,"UG::Caribbean, UG::North_America"
Abkhazia,"<img src=""ug-flag-abkhazia.svg"" />","<img src=""ug-map-abkhazia.png"" />",,"UG::Europe, UG::Sovereign_State"
Sint Maarten,,"<img src=""ug-map-sint_maarten.png"" />",,"UG::Caribbean, UG::North_America"
Tonga,"<img src=""ug-flag-tonga.svg"" />","<img src=""ug-map-tonga.png"" />",,"UG::Oceania, UG::Sovereign_State"
Transnistria,"<img src=""ug-flag-transnistria.svg"" />","<img src=""ug-map-transnistria.png"" />",,"UG::Europe, UG::Sovereign_State"
Sardinia,,"<img src=""ug-map-sardinia.png"" />",,UG::Europe
Kaliningrad Oblast,,"<img src=""ug-map-kaliningrad_oblast.png"" />",,UG::Europe
Martinique,,"<img src=""ug-map-martinique.png"" />",MQ,"UG::Caribbean, UG::North_America"
Java,,"<img src=""ug-map-java.png"" />",,UG::Asia
Corsica,,"<img src=""ug-map-corsica.png"" />",,UG::Europe
European Union,"<img src=""ug-flag-european_union.svg"" />","<img src=""ug-map-european_union.png"" />",,UG::Europe
Gulf of Mexico,,"<img src=""ug-map-gulf_of_mexico.png"" />",,UG::Oceans+Seas
Philippine Sea,,"<img src=""ug-map-philippine_sea.png"" />",,UG::Oceans+Seas
Southern Ocean,,"<img src=""ug-map-southern_ocean-nobox.png"" />",,UG::Oceans+Seas
Gulf of Thailand,,"<img src=""ug-map-gulf_of_thailand.png"" />",,UG::Oceans+Seas
Micronesia,,"<img src=""ug-map-micronesia.png"" />",,UG::Oceania
Pacific Ocean,,"<img src=""ug-map-pacific_ocean-nobox.png"" />",,UG::Oceans+Seas
Atlantic Ocean,,"<img src=""ug-map-atlantic_ocean-nobox.png"" />",,UG::Oceans+Seas
Indian Ocean,,"<img src=""ug-map-indian_ocean-nobox.png"" />",,UG::Oceans+Seas
Arctic Ocean,,"<img src=""ug-map-arctic_ocean-nobox.png"" />",,UG::Oceans+Seas
Hudson Bay,,"<img src=""ug-map-hudson_bay.png"" />",,UG::Oceans+Seas
Labrador Sea,,"<img src=""ug-map-labrador_sea.png"" />",,UG::Oceans+Seas
White Sea,,"<img src=""ug-map-white_sea.png"" />",,UG::Oceans+Seas
Denmark Strait,,"<img src=""ug-map-denmark_strait.png"" />",,UG::Oceans+Seas
Norwegian Sea,,"<img src=""ug-map-norwegian_sea.png"" />",,UG::Oceans+Seas
Baltic Sea,,"<img src=""ug-map-baltic_sea.png"" />",,UG::Oceans+Seas
Celtic Sea,,"<img src=""ug-map-celtic_sea.png"" />",,UG::Oceans+Seas
English Channel,,"<img src=""ug-map-english_channel.png"" />",,UG::Oceans+Seas
Adriatic Sea,,"<img src=""ug-map-adriatic_sea.png"" />",,UG::Oceans+Seas
Bay of Biscay,,"<img src=""ug-map-bay_of_biscay.png"" />",,UG::Oceans+Seas
Black Sea,,"<img src=""ug-map-black_sea.png"" />",,UG::Oceans+Seas
Aegean Sea,,"<img src=""ug-map-aegean_sea.png"" />",,UG::Oceans+Seas
Balkan Peninsula,,"<img src=""ug-map-balkan_peninsula.png"" />",,UG::Europe
Caspian Sea,,"<img src=""ug-map-caspian_sea.png"" />",,UG::Oceans+Seas
Mediterranean Sea,,"<img src=""ug-map-mediterranean_sea.png"" />",,UG::Oceans+Seas
East Siberian Sea,,"<img src=""ug-map-east_siberian_sea.png"" />",,UG::Oceans+Seas
Bering Strait,,"<img src=""ug-map-bering_strait.png"" />",,UG::Oceans+Seas
Arabian Sea,,"<img src=""ug-map-arabian_sea.png"" />",,UG::Oceans+Seas
Red Sea,,"<img src=""ug-map-red_sea.png"" />",,UG::Oceans+Seas
Dead Sea,,"<img src=""ug-map-dead_sea.png"" />",,UG::Oceans+Seas
Bay of Bengal,,"<img src=""ug-map-bay_of_bengal.png"" />",,UG::Oceans+Seas
Sea of Japan,,"<img src=""ug-map-sea_of_japan.png"" />",,UG::Oceans+Seas
Yellow Sea,,"<img src=""ug-map-yellow_sea.png"" />",,UG::Oceans+Seas
Coral Sea,,"<img src=""ug-map-coral_sea.png"" />",,UG::Oceans+Seas
South China Sea,,"<img src=""ug-map-south_china_sea.png"" />",,UG::Oceans+Seas
Tasman Sea,,"<img src=""ug-map-tasman_sea.png"" />",,UG::Oceans+Seas
Gulf of Carpentaria,,"<img src=""ug-map-gulf_of_carpentaria.png"" />",,UG::Oceans+Seas
Aral Sea,,"<img src=""ug-map-aral_sea.png"" />",,UG::Oceans+Seas
Persian Gulf,,"<img src=""ug-map-persian_gulf.png"" />",,UG::Oceans+Seas
Caribbean Sea,,"<img src=""ug-map-caribbean_sea.png"" />",,UG::Oceans+Seas
Gulf of California,,"<img src=""ug-map-gulf_of_california.png"" />",,UG::Oceans+Seas
Polynesia,,"<img src=""ug-map-polynesia.png"" />",,UG::Oceania
Melanesia,,"<img src=""ug-map-melanesia.png"" />",,UG::Oceania
Scandinavia,,"<img src=""ug-map-scandinavia.png"" />",,UG::Europe
Sea of Galilee,,"<img src=""ug-map-sea_of_galilee.png"" />",,UG::Oceans+Seas
Sumatra,,"<img src=""ug-map-sumatra.png"" />",,UG::Asia
Sicily,,"<img src=""ug-map-sicily.png"" />",,UG::Europe
Mayotte,,"<img src=""ug-map-mayotte.png"" />",YT,"UG::Africa, UG::East_Africa"
Réunion,,"<img src=""ug-map-reunion.png"" />",RE,"UG::Africa, UG::East_Africa"
Falkland Islands,,"<img src=""ug-map-falkland_islands.png"" />",FK,UG::South_America
Europe,,"<img src=""ug-map-europe-nobox.png"" />",,UG::Continents
North America,,"<img src=""ug-map-north_america-nobox.png"" />",,UG::Continents
South America,,"<img src=""ug-map-south_america-nobox.png"" />",,UG::Continents
Asia,,"<img src=""ug-map-asia-nobox.png"" />",,UG::Continents
Africa,,"<img src=""ug-map-africa-nobox.png"" />",,UG::Continents
Oceania,,"<img src=""ug-map-oceania-nobox.png"" />",,UG::Continents
Antarctica,,"<img src=""ug-map-antarctica-nobox.png"" />",,UG::Continents
Saint Martin,,"<img src=""ug-map-saint_martin.png"" />",,"UG::Caribbean, UG::North_America"
Wallis and Futuna,,"<img src=""ug-map-wallis_and_futuna.png"" />",,UG::Oceania
Akrotiri and Dhekelia,,"<img src=""ug-map-akrotiri_and_dhekelia.png"" />",,"UG::Asia, UG::Mediterranean, UG::Middle_East"
Svalbard,,"<img src=""ug-map-svalbard.png"" />",SJ,UG::Europe
Hawaii,,"<img src=""ug-map-hawaii.png"" />",,UG::Oceania
Alaska,,"<img src=""ug-map-alaska.png"" />",,UG::North_America
Bougainville,,"<img src=""ug-map-bougainville.png"" />",,UG::Oceania
Jeju,,"<img src=""ug-map-jeju.png"" />",,UG::Asia
Banda Sea,,"<img src=""ug-map-banda_sea.png"" />",,UG::Oceans+Seas
Barents Sea,,"<img src=""ug-map-barents_sea.png"" />",,UG::Oceans+Seas
Celebes Sea,,"<img src=""ug-map-celebes_sea.png"" />",,UG::Oceans+Seas
East China Sea,,"<img src=""ug-map-east_china_sea.png"" />",,UG::Oceans+Seas
Gulf of Alaska,,"<img src=""ug-map-gulf_of_alaska.png"" />",,UG::Oceans+Seas
Gulf of Guinea,,"<img src=""ug-map-gulf_of_guinea.png"" />",,UG::Oceans+Seas
North Sea,,"<img src=""ug-map-north_sea.png"" />",,UG::Oceans+Seas
Sea of Okhotsk,,"<img src=""ug-map-sea_of_okhotsk.png"" />",,UG::Oceans+Seas
Timor Sea,,"<img src=""ug-map-timor_sea.png"" />",,UG::Oceans+Seas
